customer_id,segment,segment_name
100001,1,High-touch risk
100002,1,High-touch risk
100003,2,Stable digital loyalists
100004,0,Established value seekers
100005,1,High-touch risk
100006,3,Premium-sensitive newcomers
100007,3,Premium-sensitive newcomers
100008,0,Established value seekers
100009,3,Premium-sensitive newcomers
100010,1,High-touch risk
100011,1,High-touch risk
100012,1,High-touch risk
100013,1,High-touch risk
100014,1,High-touch risk
100015,1,High-touch risk
100016,3,Premium-sensitive newcomers
100017,1,High-touch risk
100018,3,Premium-sensitive newcomers
100019,0,Established value seekers
100020,1,High-touch risk
100021,1,High-touch risk
100022,2,Stable digital loyalists
100023,3,Premium-sensitive newcomers
100024,3,Premium-sensitive newcomers
100025,3,Premium-sensitive newcomers
100026,0,Established value seekers
100027,3,Premium-sensitive newcomers
100028,3,Premium-sensitive newcomers
100029,0,Established value seekers
100030,1,High-touch risk
100031,1,High-touch risk
100032,3,Premium-sensitive newcomers
100033,1,High-touch risk
100034,3,Premium-sensitive newcomers
100035,3,Premium-sensitive newcomers
100036,3,Premium-sensitive newcomers
100037,1,High-touch risk
100038,0,Established value seekers
100039,0,Established value seekers
100040,0,Established value seekers
100041,1,High-touch risk
100042,3,Premium-sensitive newcomers
100043,3,Premium-sensitive newcomers
100044,1,High-touch risk
100045,2,Stable digital loyalists
100046,1,High-touch risk
100047,3,Premium-sensitive newcomers
100048,0,Established value seekers
100049,1,High-touch risk
100050,2,Stable digital loyalists
100051,2,Stable digital loyalists
100052,0,Established value seekers
100053,0,Established value seekers
100054,0,Established value seekers
100055,0,Established value seekers
100056,3,Premium-sensitive newcomers
100057,3,Premium-sensitive newcomers
100058,1,High-touch risk
100059,0,Established value seekers
100060,3,Premium-sensitive newcomers
100061,3,Premium-sensitive newcomers
100062,2,Stable digital loyalists
100063,3,Premium-sensitive newcomers
100064,2,Stable digital loyalists
100065,0,Established value seekers
100066,0,Established value seekers
100067,0,Established value seekers
100068,3,Premium-sensitive newcomers
100069,0,Established value seekers
100070,0,Established value seekers
100071,3,Premium-sensitive newcomers
100072,2,Stable digital loyalists
100073,0,Established value seekers
100074,2,Stable digital loyalists
100075,1,High-touch risk
100076,0,Established value seekers
100077,1,High-touch risk
100078,0,Established value seekers
100079,2,Stable digital loyalists
100080,2,Stable digital loyalists
100081,0,Established value seekers
100082,3,Premium-sensitive newcomers
100083,2,Stable digital loyalists
100084,1,High-touch risk
100085,1,High-touch risk
100086,3,Premium-sensitive newcomers
100087,2,Stable digital loyalists
100088,1,High-touch risk
100089,1,High-touch risk
100090,1,High-touch risk
100091,0,Established value seekers
100092,0,Established value seekers
100093,0,Established value seekers
100094,1,High-touch risk
100095,1,High-touch risk
100096,1,High-touch risk
100097,1,High-touch risk
100098,2,Stable digital loyalists
100099,1,High-touch risk
100100,2,Stable digital loyalists
100101,1,High-touch risk
100102,1,High-touch risk
100103,2,Stable digital loyalists
100104,0,Established value seekers
100105,1,High-touch risk
100106,1,High-touch risk
100107,2,Stable digital loyalists
100108,2,Stable digital loyalists
100109,3,Premium-sensitive newcomers
100110,3,Premium-sensitive newcomers
100111,0,Established value seekers
100112,3,Premium-sensitive newcomers
100113,0,Established value seekers
100114,1,High-touch risk
100115,2,Stable digital loyalists
100116,3,Premium-sensitive newcomers
100117,0,Established value seekers
100118,3,Premium-sensitive newcomers
100119,2,Stable digital loyalists
100120,0,Established value seekers
100121,0,Established value seekers
100122,3,Premium-sensitive newcomers
100123,0,Established value seekers
100124,0,Established value seekers
100125,1,High-touch risk
100126,1,High-touch risk
100127,0,Established value seekers
100128,0,Established value seekers
100129,1,High-touch risk
100130,1,High-touch risk
100131,1,High-touch risk
100132,1,High-touch risk
100133,3,Premium-sensitive newcomers
100134,0,Established value seekers
100135,0,Established value seekers
100136,0,Established value seekers
100137,2,Stable digital loyalists
100138,3,Premium-sensitive newcomers
100139,1,High-touch risk
100140,0,Established value seekers
100141,2,Stable digital loyalists
100142,3,Premium-sensitive newcomers
100143,3,Premium-sensitive newcomers
100144,3,Premium-sensitive newcomers
100145,3,Premium-sensitive newcomers
100146,2,Stable digital loyalists
100147,0,Established value seekers
100148,3,Premium-sensitive newcomers
100149,3,Premium-sensitive newcomers
100150,3,Premium-sensitive newcomers
100151,3,Premium-sensitive newcomers
100152,2,Stable digital loyalists
100153,2,Stable digital loyalists
100154,2,Stable digital loyalists
100155,1,High-touch risk
100156,3,Premium-sensitive newcomers
100157,0,Established value seekers
100158,0,Established value seekers
100159,3,Premium-sensitive newcomers
100160,3,Premium-sensitive newcomers
100161,0,Established value seekers
100162,2,Stable digital loyalists
100163,0,Established value seekers
100164,2,Stable digital loyalists
100165,1,High-touch risk
100166,0,Established value seekers
100167,2,Stable digital loyalists
100168,2,Stable digital loyalists
100169,3,Premium-sensitive newcomers
100170,3,Premium-sensitive newcomers
100171,3,Premium-sensitive newcomers
100172,0,Established value seekers
100173,1,High-touch risk
100174,3,Premium-sensitive newcomers
100175,2,Stable digital loyalists
100176,3,Premium-sensitive newcomers
100177,2,Stable digital loyalists
100178,3,Premium-sensitive newcomers
100179,0,Established value seekers
100180,3,Premium-sensitive newcomers
100181,1,High-touch risk
100182,1,High-touch risk
100183,3,Premium-sensitive newcomers
100184,3,Premium-sensitive newcomers
100185,0,Established value seekers
100186,0,Established value seekers
100187,2,Stable digital loyalists
100188,0,Established value seekers
100189,2,Stable digital loyalists
100190,1,High-touch risk
100191,0,Established value seekers
100192,3,Premium-sensitive newcomers
100193,3,Premium-sensitive newcomers
100194,3,Premium-sensitive newcomers
100195,3,Premium-sensitive newcomers
100196,0,Established value seekers
100197,1,High-touch risk
100198,3,Premium-sensitive newcomers
100199,2,Stable digital loyalists
100200,0,Established value seekers
100201,3,Premium-sensitive newcomers
100202,3,Premium-sensitive newcomers
100203,1,High-touch risk
100204,2,Stable digital loyalists
100205,0,Established value seekers
100206,1,High-touch risk
100207,0,Established value seekers
100208,3,Premium-sensitive newcomers
100209,3,Premium-sensitive newcomers
100210,2,Stable digital loyalists
100211,0,Established value seekers
100212,1,High-touch risk
100213,1,High-touch risk
100214,3,Premium-sensitive newcomers
100215,2,Stable digital loyalists
100216,2,Stable digital loyalists
100217,0,Established value seekers
100218,0,Established value seekers
100219,3,Premium-sensitive newcomers
100220,1,High-touch risk
100221,1,High-touch risk
100222,2,Stable digital loyalists
100223,2,Stable digital loyalists
100224,3,Premium-sensitive newcomers
100225,1,High-touch risk
100226,2,Stable digital loyalists
100227,1,High-touch risk
100228,3,Premium-sensitive newcomers
100229,3,Premium-sensitive newcomers
100230,1,High-touch risk
100231,2,Stable digital loyalists
100232,0,Established value seekers
100233,2,Stable digital loyalists
100234,2,Stable digital loyalists
100235,3,Premium-sensitive newcomers
100236,0,Established value seekers
100237,3,Premium-sensitive newcomers
100238,0,Established value seekers
100239,1,High-touch risk
100240,1,High-touch risk
100241,3,Premium-sensitive newcomers
100242,3,Premium-sensitive newcomers
100243,1,High-touch risk
100244,3,Premium-sensitive newcomers
100245,0,Established value seekers
100246,1,High-touch risk
100247,3,Premium-sensitive newcomers
100248,2,Stable digital loyalists
100249,3,Premium-sensitive newcomers
100250,2,Stable digital loyalists
100251,0,Established value seekers
100252,1,High-touch risk
100253,3,Premium-sensitive newcomers
100254,1,High-touch risk
100255,1,High-touch risk
100256,0,Established value seekers
100257,1,High-touch risk
100258,0,Established value seekers
100259,0,Established value seekers
100260,3,Premium-sensitive newcomers
100261,0,Established value seekers
100262,3,Premium-sensitive newcomers
100263,3,Premium-sensitive newcomers
100264,0,Established value seekers
100265,0,Established value seekers
100266,0,Established value seekers
100267,3,Premium-sensitive newcomers
100268,2,Stable digital loyalists
100269,0,Established value seekers
100270,3,Premium-sensitive newcomers
100271,0,Established value seekers
100272,3,Premium-sensitive newcomers
100273,0,Established value seekers
100274,1,High-touch risk
100275,2,Stable digital loyalists
100276,1,High-touch risk
100277,0,Established value seekers
100278,3,Premium-sensitive newcomers
100279,2,Stable digital loyalists
100280,2,Stable digital loyalists
100281,1,High-touch risk
100282,0,Established value seekers
100283,3,Premium-sensitive newcomers
100284,1,High-touch risk
100285,0,Established value seekers
100286,3,Premium-sensitive newcomers
100287,3,Premium-sensitive newcomers
100288,3,Premium-sensitive newcomers
100289,1,High-touch risk
100290,3,Premium-sensitive newcomers
100291,0,Established value seekers
100292,0,Established value seekers
100293,3,Premium-sensitive newcomers
100294,0,Established value seekers
100295,2,Stable digital loyalists
100296,2,Stable digital loyalists
100297,1,High-touch risk
100298,1,High-touch risk
100299,1,High-touch risk
100300,1,High-touch risk
100301,0,Established value seekers
100302,0,Established value seekers
100303,2,Stable digital loyalists
100304,3,Premium-sensitive newcomers
100305,3,Premium-sensitive newcomers
100306,3,Premium-sensitive newcomers
100307,1,High-touch risk
100308,1,High-touch risk
100309,2,Stable digital loyalists
100310,3,Premium-sensitive newcomers
100311,0,Established value seekers
100312,3,Premium-sensitive newcomers
100313,3,Premium-sensitive newcomers
100314,0,Established value seekers
100315,0,Established value seekers
100316,3,Premium-sensitive newcomers
100317,2,Stable digital loyalists
100318,1,High-touch risk
100319,3,Premium-sensitive newcomers
100320,2,Stable digital loyalists
100321,0,Established value seekers
100322,0,Established value seekers
100323,3,Premium-sensitive newcomers
100324,3,Premium-sensitive newcomers
100325,0,Established value seekers
100326,3,Premium-sensitive newcomers
100327,2,Stable digital loyalists
100328,1,High-touch risk
100329,1,High-touch risk
100330,3,Premium-sensitive newcomers
100331,1,High-touch risk
100332,0,Established value seekers
100333,1,High-touch risk
100334,3,Premium-sensitive newcomers
100335,2,Stable digital loyalists
100336,3,Premium-sensitive newcomers
100337,2,Stable digital loyalists
100338,2,Stable digital loyalists
100339,0,Established value seekers
100340,0,Established value seekers
100341,3,Premium-sensitive newcomers
100342,3,Premium-sensitive newcomers
100343,3,Premium-sensitive newcomers
100344,2,Stable digital loyalists
100345,3,Premium-sensitive newcomers
100346,3,Premium-sensitive newcomers
100347,3,Premium-sensitive newcomers
100348,2,Stable digital loyalists
100349,0,Established value seekers
100350,0,Established value seekers
100351,3,Premium-sensitive newcomers
100352,0,Established value seekers
100353,0,Established value seekers
100354,0,Established value seekers
100355,0,Established value seekers
100356,3,Premium-sensitive newcomers
100357,1,High-touch risk
100358,1,High-touch risk
100359,1,High-touch risk
100360,2,Stable digital loyalists
100361,2,Stable digital loyalists
100362,1,High-touch risk
100363,2,Stable digital loyalists
100364,0,Established value seekers
100365,0,Established value seekers
100366,0,Established value seekers
100367,1,High-touch risk
100368,1,High-touch risk
100369,1,High-touch risk
100370,2,Stable digital loyalists
100371,1,High-touch risk
100372,3,Premium-sensitive newcomers
100373,3,Premium-sensitive newcomers
100374,2,Stable digital loyalists
100375,0,Established value seekers
100376,0,Established value seekers
100377,1,High-touch risk
100378,1,High-touch risk
100379,0,Established value seekers
100380,3,Premium-sensitive newcomers
100381,3,Premium-sensitive newcomers
100382,1,High-touch risk
100383,3,Premium-sensitive newcomers
100384,1,High-touch risk
100385,2,Stable digital loyalists
100386,2,Stable digital loyalists
100387,1,High-touch risk
100388,1,High-touch risk
100389,3,Premium-sensitive newcomers
100390,0,Established value seekers
100391,0,Established value seekers
100392,0,Established value seekers
100393,0,Established value seekers
100394,0,Established value seekers
100395,1,High-touch risk
100396,1,High-touch risk
100397,3,Premium-sensitive newcomers
100398,0,Established value seekers
100399,0,Established value seekers
100400,3,Premium-sensitive newcomers
100401,0,Established value seekers
100402,1,High-touch risk
100403,0,Established value seekers
100404,2,Stable digital loyalists
100405,2,Stable digital loyalists
100406,1,High-touch risk
100407,0,Established value seekers
100408,3,Premium-sensitive newcomers
100409,3,Premium-sensitive newcomers
100410,2,Stable digital loyalists
100411,2,Stable digital loyalists
100412,2,Stable digital loyalists
100413,1,High-touch risk
100414,2,Stable digital loyalists
100415,0,Established value seekers
100416,3,Premium-sensitive newcomers
100417,1,High-touch risk
100418,2,Stable digital loyalists
100419,0,Established value seekers
100420,2,Stable digital loyalists
100421,0,Established value seekers
100422,0,Established value seekers
100423,3,Premium-sensitive newcomers
100424,2,Stable digital loyalists
100425,0,Established value seekers
100426,1,High-touch risk
100427,3,Premium-sensitive newcomers
100428,0,Established value seekers
100429,3,Premium-sensitive newcomers
100430,1,High-touch risk
100431,2,Stable digital loyalists
100432,0,Established value seekers
100433,0,Established value seekers
100434,2,Stable digital loyalists
100435,0,Established value seekers
100436,3,Premium-sensitive newcomers
100437,0,Established value seekers
100438,2,Stable digital loyalists
100439,2,Stable digital loyalists
100440,3,Premium-sensitive newcomers
100441,2,Stable digital loyalists
100442,2,Stable digital loyalists
100443,1,High-touch risk
100444,1,High-touch risk
100445,1,High-touch risk
100446,2,Stable digital loyalists
100447,3,Premium-sensitive newcomers
100448,2,Stable digital loyalists
100449,2,Stable digital loyalists
100450,0,Established value seekers
100451,3,Premium-sensitive newcomers
100452,2,Stable digital loyalists
100453,2,Stable digital loyalists
100454,0,Established value seekers
100455,2,Stable digital loyalists
100456,3,Premium-sensitive newcomers
100457,3,Premium-sensitive newcomers
100458,1,High-touch risk
100459,1,High-touch risk
100460,0,Established value seekers
100461,3,Premium-sensitive newcomers
100462,0,Established value seekers
100463,3,Premium-sensitive newcomers
100464,3,Premium-sensitive newcomers
100465,0,Established value seekers
100466,3,Premium-sensitive newcomers
100467,0,Established value seekers
100468,0,Established value seekers
100469,3,Premium-sensitive newcomers
100470,0,Established value seekers
100471,2,Stable digital loyalists
100472,3,Premium-sensitive newcomers
100473,0,Established value seekers
100474,2,Stable digital loyalists
100475,2,Stable digital loyalists
100476,1,High-touch risk
100477,0,Established value seekers
100478,0,Established value seekers
100479,1,High-touch risk
100480,2,Stable digital loyalists
100481,2,Stable digital loyalists
100482,1,High-touch risk
100483,0,Established value seekers
100484,1,High-touch risk
100485,2,Stable digital loyalists
100486,3,Premium-sensitive newcomers
100487,1,High-touch risk
100488,3,Premium-sensitive newcomers
100489,1,High-touch risk
100490,0,Established value seekers
100491,3,Premium-sensitive newcomers
100492,3,Premium-sensitive newcomers
100493,0,Established value seekers
100494,0,Established value seekers
100495,0,Established value seekers
100496,1,High-touch risk
100497,0,Established value seekers
100498,2,Stable digital loyalists
100499,1,High-touch risk
100500,0,Established value seekers
100501,3,Premium-sensitive newcomers
100502,3,Premium-sensitive newcomers
100503,0,Established value seekers
100504,0,Established value seekers
100505,0,Established value seekers
100506,3,Premium-sensitive newcomers
100507,1,High-touch risk
100508,3,Premium-sensitive newcomers
100509,2,Stable digital loyalists
100510,1,High-touch risk
100511,0,Established value seekers
100512,3,Premium-sensitive newcomers
100513,3,Premium-sensitive newcomers
100514,1,High-touch risk
100515,2,Stable digital loyalists
100516,0,Established value seekers
100517,3,Premium-sensitive newcomers
100518,2,Stable digital loyalists
100519,2,Stable digital loyalists
100520,2,Stable digital loyalists
100521,1,High-touch risk
100522,2,Stable digital loyalists
100523,0,Established value seekers
100524,0,Established value seekers
100525,2,Stable digital loyalists
100526,3,Premium-sensitive newcomers
100527,1,High-touch risk
100528,1,High-touch risk
100529,1,High-touch risk
100530,1,High-touch risk
100531,3,Premium-sensitive newcomers
100532,1,High-touch risk
100533,0,Established value seekers
100534,0,Established value seekers
100535,3,Premium-sensitive newcomers
100536,2,Stable digital loyalists
100537,2,Stable digital loyalists
100538,0,Established value seekers
100539,3,Premium-sensitive newcomers
100540,3,Premium-sensitive newcomers
100541,3,Premium-sensitive newcomers
100542,2,Stable digital loyalists
100543,3,Premium-sensitive newcomers
100544,3,Premium-sensitive newcomers
100545,2,Stable digital loyalists
100546,3,Premium-sensitive newcomers
100547,0,Established value seekers
100548,1,High-touch risk
100549,3,Premium-sensitive newcomers
100550,3,Premium-sensitive newcomers
100551,1,High-touch risk
100552,0,Established value seekers
100553,0,Established value seekers
100554,2,Stable digital loyalists
100555,0,Established value seekers
100556,1,High-touch risk
100557,0,Established value seekers
100558,2,Stable digital loyalists
100559,3,Premium-sensitive newcomers
100560,0,Established value seekers
100561,1,High-touch risk
100562,3,Premium-sensitive newcomers
100563,3,Premium-sensitive newcomers
100564,0,Established value seekers
100565,3,Premium-sensitive newcomers
100566,2,Stable digital loyalists
100567,0,Established value seekers
100568,3,Premium-sensitive newcomers
100569,2,Stable digital loyalists
100570,1,High-touch risk
100571,1,High-touch risk
100572,3,Premium-sensitive newcomers
100573,1,High-touch risk
100574,0,Established value seekers
100575,0,Established value seekers
100576,3,Premium-sensitive newcomers
100577,3,Premium-sensitive newcomers
100578,2,Stable digital loyalists
100579,0,Established value seekers
100580,1,High-touch risk
100581,1,High-touch risk
100582,2,Stable digital loyalists
100583,3,Premium-sensitive newcomers
100584,1,High-touch risk
100585,0,Established value seekers
100586,0,Established value seekers
100587,1,High-touch risk
100588,0,Established value seekers
100589,2,Stable digital loyalists
100590,3,Premium-sensitive newcomers
100591,1,High-touch risk
100592,0,Established value seekers
100593,3,Premium-sensitive newcomers
100594,1,High-touch risk
100595,3,Premium-sensitive newcomers
100596,1,High-touch risk
100597,1,High-touch risk
100598,3,Premium-sensitive newcomers
100599,1,High-touch risk
100600,0,Established value seekers
100601,2,Stable digital loyalists
100602,2,Stable digital loyalists
100603,0,Established value seekers
100604,1,High-touch risk
100605,1,High-touch risk
100606,1,High-touch risk
100607,3,Premium-sensitive newcomers
100608,1,High-touch risk
100609,1,High-touch risk
100610,2,Stable digital loyalists
100611,2,Stable digital loyalists
100612,0,Established value seekers
100613,1,High-touch risk
100614,0,Established value seekers
100615,2,Stable digital loyalists
100616,1,High-touch risk
100617,3,Premium-sensitive newcomers
100618,3,Premium-sensitive newcomers
100619,1,High-touch risk
100620,3,Premium-sensitive newcomers
100621,0,Established value seekers
100622,0,Established value seekers
100623,2,Stable digital loyalists
100624,2,Stable digital loyalists
100625,3,Premium-sensitive newcomers
100626,3,Premium-sensitive newcomers
100627,0,Established value seekers
100628,3,Premium-sensitive newcomers
100629,0,Established value seekers
100630,3,Premium-sensitive newcomers
100631,2,Stable digital loyalists
100632,3,Premium-sensitive newcomers
100633,1,High-touch risk
100634,1,High-touch risk
100635,2,Stable digital loyalists
100636,0,Established value seekers
100637,3,Premium-sensitive newcomers
100638,1,High-touch risk
100639,1,High-touch risk
100640,1,High-touch risk
100641,2,Stable digital loyalists
100642,2,Stable digital loyalists
100643,2,Stable digital loyalists
100644,3,Premium-sensitive newcomers
100645,3,Premium-sensitive newcomers
100646,2,Stable digital loyalists
100647,0,Established value seekers
100648,3,Premium-sensitive newcomers
100649,3,Premium-sensitive newcomers
100650,1,High-touch risk
100651,3,Premium-sensitive newcomers
100652,0,Established value seekers
100653,3,Premium-sensitive newcomers
100654,0,Established value seekers
100655,3,Premium-sensitive newcomers
100656,3,Premium-sensitive newcomers
100657,3,Premium-sensitive newcomers
100658,1,High-touch risk
100659,3,Premium-sensitive newcomers
100660,1,High-touch risk
100661,3,Premium-sensitive newcomers
100662,0,Established value seekers
100663,0,Established value seekers
100664,2,Stable digital loyalists
100665,1,High-touch risk
100666,1,High-touch risk
100667,0,Established value seekers
100668,2,Stable digital loyalists
100669,3,Premium-sensitive newcomers
100670,3,Premium-sensitive newcomers
100671,2,Stable digital loyalists
100672,0,Established value seekers
100673,1,High-touch risk
100674,2,Stable digital loyalists
100675,2,Stable digital loyalists
100676,3,Premium-sensitive newcomers
100677,1,High-touch risk
100678,2,Stable digital loyalists
100679,2,Stable digital loyalists
100680,3,Premium-sensitive newcomers
100681,3,Premium-sensitive newcomers
100682,3,Premium-sensitive newcomers
100683,3,Premium-sensitive newcomers
100684,1,High-touch risk
100685,2,Stable digital loyalists
100686,2,Stable digital loyalists
100687,2,Stable digital loyalists
100688,0,Established value seekers
100689,2,Stable digital loyalists
100690,1,High-touch risk
100691,2,Stable digital loyalists
100692,1,High-touch risk
100693,1,High-touch risk
100694,0,Established value seekers
100695,1,High-touch risk
100696,2,Stable digital loyalists
100697,2,Stable digital loyalists
100698,3,Premium-sensitive newcomers
100699,2,Stable digital loyalists
100700,3,Premium-sensitive newcomers
100701,2,Stable digital loyalists
100702,3,Premium-sensitive newcomers
100703,2,Stable digital loyalists
100704,2,Stable digital loyalists
100705,3,Premium-sensitive newcomers
100706,3,Premium-sensitive newcomers
100707,1,High-touch risk
100708,1,High-touch risk
100709,0,Established value seekers
100710,2,Stable digital loyalists
100711,0,Established value seekers
100712,2,Stable digital loyalists
100713,2,Stable digital loyalists
100714,3,Premium-sensitive newcomers
100715,2,Stable digital loyalists
100716,0,Established value seekers
100717,1,High-touch risk
100718,3,Premium-sensitive newcomers
100719,3,Premium-sensitive newcomers
100720,1,High-touch risk
100721,1,High-touch risk
100722,0,Established value seekers
100723,1,High-touch risk
100724,2,Stable digital loyalists
100725,2,Stable digital loyalists
100726,1,High-touch risk
100727,3,Premium-sensitive newcomers
100728,2,Stable digital loyalists
100729,2,Stable digital loyalists
100730,2,Stable digital loyalists
100731,2,Stable digital loyalists
100732,0,Established value seekers
100733,0,Established value seekers
100734,0,Established value seekers
100735,3,Premium-sensitive newcomers
100736,0,Established value seekers
100737,1,High-touch risk
100738,3,Premium-sensitive newcomers
100739,1,High-touch risk
100740,0,Established value seekers
100741,0,Established value seekers
100742,3,Premium-sensitive newcomers
100743,3,Premium-sensitive newcomers
100744,3,Premium-sensitive newcomers
100745,1,High-touch risk
100746,3,Premium-sensitive newcomers
100747,1,High-touch risk
100748,2,Stable digital loyalists
100749,0,Established value seekers
100750,1,High-touch risk
100751,2,Stable digital loyalists
100752,0,Established value seekers
100753,2,Stable digital loyalists
100754,2,Stable digital loyalists
100755,3,Premium-sensitive newcomers
100756,2,Stable digital loyalists
100757,1,High-touch risk
100758,0,Established value seekers
100759,2,Stable digital loyalists
100760,1,High-touch risk
100761,1,High-touch risk
100762,1,High-touch risk
100763,0,Established value seekers
100764,3,Premium-sensitive newcomers
100765,1,High-touch risk
100766,0,Established value seekers
100767,3,Premium-sensitive newcomers
100768,2,Stable digital loyalists
100769,1,High-touch risk
100770,0,Established value seekers
100771,2,Stable digital loyalists
100772,0,Established value seekers
100773,0,Established value seekers
100774,3,Premium-sensitive newcomers
100775,3,Premium-sensitive newcomers
100776,0,Established value seekers
100777,3,Premium-sensitive newcomers
100778,2,Stable digital loyalists
100779,3,Premium-sensitive newcomers
100780,1,High-touch risk
100781,3,Premium-sensitive newcomers
100782,0,Established value seekers
100783,3,Premium-sensitive newcomers
100784,2,Stable digital loyalists
100785,3,Premium-sensitive newcomers
100786,1,High-touch risk
100787,2,Stable digital loyalists
100788,0,Established value seekers
100789,2,Stable digital loyalists
100790,1,High-touch risk
100791,0,Established value seekers
100792,0,Established value seekers
100793,1,High-touch risk
100794,1,High-touch risk
100795,3,Premium-sensitive newcomers
100796,1,High-touch risk
100797,2,Stable digital loyalists
100798,1,High-touch risk
100799,2,Stable digital loyalists
100800,2,Stable digital loyalists
100801,0,Established value seekers
100802,1,High-touch risk
100803,1,High-touch risk
100804,2,Stable digital loyalists
100805,1,High-touch risk
100806,1,High-touch risk
100807,0,Established value seekers
100808,0,Established value seekers
100809,2,Stable digital loyalists
100810,2,Stable digital loyalists
100811,1,High-touch risk
100812,3,Premium-sensitive newcomers
100813,2,Stable digital loyalists
100814,0,Established value seekers
100815,2,Stable digital loyalists
100816,0,Established value seekers
100817,3,Premium-sensitive newcomers
100818,2,Stable digital loyalists
100819,2,Stable digital loyalists
100820,3,Premium-sensitive newcomers
100821,0,Established value seekers
100822,3,Premium-sensitive newcomers
100823,1,High-touch risk
100824,0,Established value seekers
100825,3,Premium-sensitive newcomers
100826,3,Premium-sensitive newcomers
100827,0,Established value seekers
100828,2,Stable digital loyalists
100829,1,High-touch risk
100830,0,Established value seekers
100831,3,Premium-sensitive newcomers
100832,2,Stable digital loyalists
100833,3,Premium-sensitive newcomers
100834,0,Established value seekers
100835,1,High-touch risk
100836,3,Premium-sensitive newcomers
100837,2,Stable digital loyalists
100838,3,Premium-sensitive newcomers
100839,1,High-touch risk
100840,1,High-touch risk
100841,3,Premium-sensitive newcomers
100842,0,Established value seekers
100843,0,Established value seekers
100844,0,Established value seekers
100845,0,Established value seekers
100846,2,Stable digital loyalists
100847,0,Established value seekers
100848,3,Premium-sensitive newcomers
100849,2,Stable digital loyalists
100850,2,Stable digital loyalists
100851,3,Premium-sensitive newcomers
100852,3,Premium-sensitive newcomers
100853,3,Premium-sensitive newcomers
100854,3,Premium-sensitive newcomers
100855,0,Established value seekers
100856,0,Established value seekers
100857,0,Established value seekers
100858,1,High-touch risk
100859,3,Premium-sensitive newcomers
100860,0,Established value seekers
100861,1,High-touch risk
100862,2,Stable digital loyalists
100863,2,Stable digital loyalists
100864,1,High-touch risk
100865,0,Established value seekers
100866,0,Established value seekers
100867,2,Stable digital loyalists
100868,1,High-touch risk
100869,2,Stable digital loyalists
100870,0,Established value seekers
100871,3,Premium-sensitive newcomers
100872,3,Premium-sensitive newcomers
100873,1,High-touch risk
100874,0,Established value seekers
100875,1,High-touch risk
100876,1,High-touch risk
100877,1,High-touch risk
100878,3,Premium-sensitive newcomers
100879,0,Established value seekers
100880,2,Stable digital loyalists
100881,0,Established value seekers
100882,0,Established value seekers
100883,0,Established value seekers
100884,3,Premium-sensitive newcomers
100885,0,Established value seekers
100886,0,Established value seekers
100887,3,Premium-sensitive newcomers
100888,0,Established value seekers
100889,3,Premium-sensitive newcomers
100890,3,Premium-sensitive newcomers
100891,3,Premium-sensitive newcomers
100892,2,Stable digital loyalists
100893,1,High-touch risk
100894,1,High-touch risk
100895,2,Stable digital loyalists
100896,3,Premium-sensitive newcomers
100897,0,Established value seekers
100898,1,High-touch risk
100899,0,Established value seekers
100900,1,High-touch risk
100901,0,Established value seekers
100902,3,Premium-sensitive newcomers
100903,0,Established value seekers
100904,1,High-touch risk
100905,3,Premium-sensitive newcomers
100906,0,Established value seekers
100907,0,Established value seekers
100908,0,Established value seekers
100909,3,Premium-sensitive newcomers
100910,0,Established value seekers
100911,0,Established value seekers
100912,2,Stable digital loyalists
100913,0,Established value seekers
100914,3,Premium-sensitive newcomers
100915,1,High-touch risk
100916,1,High-touch risk
100917,1,High-touch risk
100918,1,High-touch risk
100919,0,Established value seekers
100920,1,High-touch risk
100921,0,Established value seekers
100922,2,Stable digital loyalists
100923,0,Established value seekers
100924,3,Premium-sensitive newcomers
100925,2,Stable digital loyalists
100926,1,High-touch risk
100927,0,Established value seekers
100928,0,Established value seekers
100929,1,High-touch risk
100930,3,Premium-sensitive newcomers
100931,2,Stable digital loyalists
100932,3,Premium-sensitive newcomers
100933,2,Stable digital loyalists
100934,0,Established value seekers
100935,1,High-touch risk
100936,2,Stable digital loyalists
100937,1,High-touch risk
100938,0,Established value seekers
100939,0,Established value seekers
100940,3,Premium-sensitive newcomers
100941,1,High-touch risk
100942,3,Premium-sensitive newcomers
100943,1,High-touch risk
100944,3,Premium-sensitive newcomers
100945,2,Stable digital loyalists
100946,1,High-touch risk
100947,1,High-touch risk
100948,0,Established value seekers
100949,1,High-touch risk
100950,0,Established value seekers
100951,0,Established value seekers
100952,3,Premium-sensitive newcomers
100953,2,Stable digital loyalists
100954,0,Established value seekers
100955,0,Established value seekers
100956,3,Premium-sensitive newcomers
100957,3,Premium-sensitive newcomers
100958,1,High-touch risk
100959,0,Established value seekers
100960,1,High-touch risk
100961,0,Established value seekers
100962,3,Premium-sensitive newcomers
100963,3,Premium-sensitive newcomers
100964,3,Premium-sensitive newcomers
100965,3,Premium-sensitive newcomers
100966,3,Premium-sensitive newcomers
100967,0,Established value seekers
100968,0,Established value seekers
100969,3,Premium-sensitive newcomers
100970,0,Established value seekers
100971,2,Stable digital loyalists
100972,3,Premium-sensitive newcomers
100973,1,High-touch risk
100974,1,High-touch risk
100975,2,Stable digital loyalists
100976,1,High-touch risk
100977,0,Established value seekers
100978,2,Stable digital loyalists
100979,0,Established value seekers
100980,2,Stable digital loyalists
100981,0,Established value seekers
100982,1,High-touch risk
100983,3,Premium-sensitive newcomers
100984,2,Stable digital loyalists
100985,3,Premium-sensitive newcomers
100986,3,Premium-sensitive newcomers
100987,0,Established value seekers
100988,1,High-touch risk
100989,0,Established value seekers
100990,3,Premium-sensitive newcomers
100991,1,High-touch risk
100992,3,Premium-sensitive newcomers
100993,2,Stable digital loyalists
100994,1,High-touch risk
100995,2,Stable digital loyalists
100996,1,High-touch risk
100997,2,Stable digital loyalists
100998,0,Established value seekers
100999,3,Premium-sensitive newcomers
101000,1,High-touch risk
101001,1,High-touch risk
101002,0,Established value seekers
101003,2,Stable digital loyalists
101004,2,Stable digital loyalists
101005,3,Premium-sensitive newcomers
101006,0,Established value seekers
101007,1,High-touch risk
101008,2,Stable digital loyalists
101009,2,Stable digital loyalists
101010,1,High-touch risk
101011,1,High-touch risk
101012,0,Established value seekers
101013,3,Premium-sensitive newcomers
101014,3,Premium-sensitive newcomers
101015,1,High-touch risk
101016,0,Established value seekers
101017,0,Established value seekers
101018,0,Established value seekers
101019,1,High-touch risk
101020,2,Stable digital loyalists
101021,1,High-touch risk
101022,3,Premium-sensitive newcomers
101023,1,High-touch risk
101024,0,Established value seekers
101025,2,Stable digital loyalists
101026,1,High-touch risk
101027,0,Established value seekers
101028,2,Stable digital loyalists
101029,2,Stable digital loyalists
101030,2,Stable digital loyalists
101031,0,Established value seekers
101032,3,Premium-sensitive newcomers
101033,2,Stable digital loyalists
101034,0,Established value seekers
101035,0,Established value seekers
101036,2,Stable digital loyalists
101037,3,Premium-sensitive newcomers
101038,0,Established value seekers
101039,1,High-touch risk
101040,0,Established value seekers
101041,3,Premium-sensitive newcomers
101042,1,High-touch risk
101043,2,Stable digital loyalists
101044,3,Premium-sensitive newcomers
101045,2,Stable digital loyalists
101046,2,Stable digital loyalists
101047,1,High-touch risk
101048,3,Premium-sensitive newcomers
101049,2,Stable digital loyalists
101050,0,Established value seekers
101051,0,Established value seekers
101052,0,Established value seekers
101053,3,Premium-sensitive newcomers
101054,0,Established value seekers
101055,0,Established value seekers
101056,0,Established value seekers
101057,2,Stable digital loyalists
101058,2,Stable digital loyalists
101059,3,Premium-sensitive newcomers
101060,2,Stable digital loyalists
101061,0,Established value seekers
101062,2,Stable digital loyalists
101063,3,Premium-sensitive newcomers
101064,3,Premium-sensitive newcomers
101065,1,High-touch risk
101066,1,High-touch risk
101067,3,Premium-sensitive newcomers
101068,3,Premium-sensitive newcomers
101069,1,High-touch risk
101070,0,Established value seekers
101071,1,High-touch risk
101072,3,Premium-sensitive newcomers
101073,0,Established value seekers
101074,1,High-touch risk
101075,2,Stable digital loyalists
101076,0,Established value seekers
101077,0,Established value seekers
101078,3,Premium-sensitive newcomers
101079,2,Stable digital loyalists
101080,2,Stable digital loyalists
101081,1,High-touch risk
101082,0,Established value seekers
101083,3,Premium-sensitive newcomers
101084,1,High-touch risk
101085,2,Stable digital loyalists
101086,3,Premium-sensitive newcomers
101087,1,High-touch risk
101088,3,Premium-sensitive newcomers
101089,2,Stable digital loyalists
101090,3,Premium-sensitive newcomers
101091,1,High-touch risk
101092,2,Stable digital loyalists
101093,2,Stable digital loyalists
101094,1,High-touch risk
101095,3,Premium-sensitive newcomers
101096,0,Established value seekers
101097,1,High-touch risk
101098,0,Established value seekers
101099,1,High-touch risk
101100,3,Premium-sensitive newcomers
101101,0,Established value seekers
101102,3,Premium-sensitive newcomers
101103,2,Stable digital loyalists
101104,2,Stable digital loyalists
101105,2,Stable digital loyalists
101106,3,Premium-sensitive newcomers
101107,3,Premium-sensitive newcomers
101108,0,Established value seekers
101109,1,High-touch risk
101110,1,High-touch risk
101111,0,Established value seekers
101112,2,Stable digital loyalists
101113,0,Established value seekers
101114,0,Established value seekers
101115,0,Established value seekers
101116,0,Established value seekers
101117,1,High-touch risk
101118,3,Premium-sensitive newcomers
101119,3,Premium-sensitive newcomers
101120,0,Established value seekers
101121,3,Premium-sensitive newcomers
101122,3,Premium-sensitive newcomers
101123,0,Established value seekers
101124,3,Premium-sensitive newcomers
101125,1,High-touch risk
101126,0,Established value seekers
101127,1,High-touch risk
101128,1,High-touch risk
101129,3,Premium-sensitive newcomers
101130,2,Stable digital loyalists
101131,0,Established value seekers
101132,3,Premium-sensitive newcomers
101133,1,High-touch risk
101134,1,High-touch risk
101135,3,Premium-sensitive newcomers
101136,0,Established value seekers
101137,1,High-touch risk
101138,1,High-touch risk
101139,0,Established value seekers
101140,0,Established value seekers
101141,2,Stable digital loyalists
101142,2,Stable digital loyalists
101143,2,Stable digital loyalists
101144,2,Stable digital loyalists
101145,1,High-touch risk
101146,0,Established value seekers
101147,1,High-touch risk
101148,1,High-touch risk
101149,3,Premium-sensitive newcomers
101150,1,High-touch risk
101151,3,Premium-sensitive newcomers
101152,0,Established value seekers
101153,1,High-touch risk
101154,3,Premium-sensitive newcomers
101155,1,High-touch risk
101156,0,Established value seekers
101157,1,High-touch risk
101158,0,Established value seekers
101159,3,Premium-sensitive newcomers
101160,1,High-touch risk
101161,0,Established value seekers
101162,0,Established value seekers
101163,1,High-touch risk
101164,0,Established value seekers
101165,1,High-touch risk
101166,2,Stable digital loyalists
101167,2,Stable digital loyalists
101168,3,Premium-sensitive newcomers
101169,3,Premium-sensitive newcomers
101170,3,Premium-sensitive newcomers
101171,0,Established value seekers
101172,2,Stable digital loyalists
101173,1,High-touch risk
101174,0,Established value seekers
101175,3,Premium-sensitive newcomers
101176,0,Established value seekers
101177,1,High-touch risk
101178,0,Established value seekers
101179,0,Established value seekers
101180,2,Stable digital loyalists
101181,0,Established value seekers
101182,2,Stable digital loyalists
101183,3,Premium-sensitive newcomers
101184,1,High-touch risk
101185,3,Premium-sensitive newcomers
101186,2,Stable digital loyalists
101187,0,Established value seekers
101188,0,Established value seekers
101189,2,Stable digital loyalists
101190,1,High-touch risk
101191,1,High-touch risk
101192,2,Stable digital loyalists
101193,1,High-touch risk
101194,3,Premium-sensitive newcomers
101195,3,Premium-sensitive newcomers
101196,0,Established value seekers
101197,3,Premium-sensitive newcomers
101198,2,Stable digital loyalists
101199,2,Stable digital loyalists
101200,3,Premium-sensitive newcomers
101201,3,Premium-sensitive newcomers
101202,2,Stable digital loyalists
101203,0,Established value seekers
101204,2,Stable digital loyalists
101205,1,High-touch risk
101206,2,Stable digital loyalists
101207,3,Premium-sensitive newcomers
101208,3,Premium-sensitive newcomers
101209,3,Premium-sensitive newcomers
101210,2,Stable digital loyalists
101211,0,Established value seekers
101212,1,High-touch risk
101213,2,Stable digital loyalists
101214,0,Established value seekers
101215,3,Premium-sensitive newcomers
101216,0,Established value seekers
101217,3,Premium-sensitive newcomers
101218,0,Established value seekers
101219,1,High-touch risk
101220,1,High-touch risk
101221,2,Stable digital loyalists
101222,2,Stable digital loyalists
101223,0,Established value seekers
101224,0,Established value seekers
101225,2,Stable digital loyalists
101226,1,High-touch risk
101227,2,Stable digital loyalists
101228,2,Stable digital loyalists
101229,1,High-touch risk
101230,3,Premium-sensitive newcomers
101231,1,High-touch risk
101232,3,Premium-sensitive newcomers
101233,1,High-touch risk
101234,3,Premium-sensitive newcomers
101235,3,Premium-sensitive newcomers
101236,1,High-touch risk
101237,2,Stable digital loyalists
101238,0,Established value seekers
101239,2,Stable digital loyalists
101240,0,Established value seekers
101241,1,High-touch risk
101242,1,High-touch risk
101243,0,Established value seekers
101244,3,Premium-sensitive newcomers
101245,0,Established value seekers
101246,0,Established value seekers
101247,0,Established value seekers
101248,3,Premium-sensitive newcomers
101249,2,Stable digital loyalists
101250,0,Established value seekers
101251,1,High-touch risk
101252,3,Premium-sensitive newcomers
101253,1,High-touch risk
101254,1,High-touch risk
101255,1,High-touch risk
101256,1,High-touch risk
101257,1,High-touch risk
101258,2,Stable digital loyalists
101259,3,Premium-sensitive newcomers
101260,3,Premium-sensitive newcomers
101261,2,Stable digital loyalists
101262,0,Established value seekers
101263,0,Established value seekers
101264,2,Stable digital loyalists
101265,0,Established value seekers
101266,1,High-touch risk
101267,1,High-touch risk
101268,1,High-touch risk
101269,3,Premium-sensitive newcomers
101270,0,Established value seekers
101271,3,Premium-sensitive newcomers
101272,3,Premium-sensitive newcomers
101273,2,Stable digital loyalists
101274,1,High-touch risk
101275,2,Stable digital loyalists
101276,0,Established value seekers
101277,3,Premium-sensitive newcomers
101278,2,Stable digital loyalists
101279,1,High-touch risk
101280,1,High-touch risk
101281,3,Premium-sensitive newcomers
101282,0,Established value seekers
101283,0,Established value seekers
101284,0,Established value seekers
101285,3,Premium-sensitive newcomers
101286,3,Premium-sensitive newcomers
101287,2,Stable digital loyalists
101288,3,Premium-sensitive newcomers
101289,2,Stable digital loyalists
101290,1,High-touch risk
101291,3,Premium-sensitive newcomers
101292,3,Premium-sensitive newcomers
101293,0,Established value seekers
101294,2,Stable digital loyalists
101295,2,Stable digital loyalists
101296,2,Stable digital loyalists
101297,2,Stable digital loyalists
101298,0,Established value seekers
101299,0,Established value seekers
101300,2,Stable digital loyalists
101301,2,Stable digital loyalists
101302,1,High-touch risk
101303,0,Established value seekers
101304,3,Premium-sensitive newcomers
101305,0,Established value seekers
101306,0,Established value seekers
101307,0,Established value seekers
101308,1,High-touch risk
101309,0,Established value seekers
101310,3,Premium-sensitive newcomers
101311,0,Established value seekers
101312,0,Established value seekers
101313,3,Premium-sensitive newcomers
101314,1,High-touch risk
101315,1,High-touch risk
101316,1,High-touch risk
101317,0,Established value seekers
101318,0,Established value seekers
101319,1,High-touch risk
101320,1,High-touch risk
101321,3,Premium-sensitive newcomers
101322,1,High-touch risk
101323,0,Established value seekers
101324,2,Stable digital loyalists
101325,2,Stable digital loyalists
101326,3,Premium-sensitive newcomers
101327,3,Premium-sensitive newcomers
101328,3,Premium-sensitive newcomers
101329,2,Stable digital loyalists
101330,2,Stable digital loyalists
101331,1,High-touch risk
101332,1,High-touch risk
101333,2,Stable digital loyalists
101334,0,Established value seekers
101335,2,Stable digital loyalists
101336,0,Established value seekers
101337,0,Established value seekers
101338,3,Premium-sensitive newcomers
101339,1,High-touch risk
101340,3,Premium-sensitive newcomers
101341,1,High-touch risk
101342,3,Premium-sensitive newcomers
101343,3,Premium-sensitive newcomers
101344,0,Established value seekers
101345,0,Established value seekers
101346,0,Established value seekers
101347,3,Premium-sensitive newcomers
101348,0,Established value seekers
101349,3,Premium-sensitive newcomers
101350,1,High-touch risk
101351,0,Established value seekers
101352,3,Premium-sensitive newcomers
101353,3,Premium-sensitive newcomers
101354,2,Stable digital loyalists
101355,1,High-touch risk
101356,2,Stable digital loyalists
101357,1,High-touch risk
101358,2,Stable digital loyalists
101359,2,Stable digital loyalists
101360,2,Stable digital loyalists
101361,3,Premium-sensitive newcomers
101362,2,Stable digital loyalists
101363,2,Stable digital loyalists
101364,0,Established value seekers
101365,1,High-touch risk
101366,3,Premium-sensitive newcomers
101367,1,High-touch risk
101368,2,Stable digital loyalists
101369,1,High-touch risk
101370,3,Premium-sensitive newcomers
101371,3,Premium-sensitive newcomers
101372,3,Premium-sensitive newcomers
101373,1,High-touch risk
101374,3,Premium-sensitive newcomers
101375,2,Stable digital loyalists
101376,2,Stable digital loyalists
101377,1,High-touch risk
101378,2,Stable digital loyalists
101379,2,Stable digital loyalists
101380,2,Stable digital loyalists
101381,2,Stable digital loyalists
101382,0,Established value seekers
101383,0,Established value seekers
101384,0,Established value seekers
101385,0,Established value seekers
101386,1,High-touch risk
101387,2,Stable digital loyalists
101388,3,Premium-sensitive newcomers
101389,2,Stable digital loyalists
101390,1,High-touch risk
101391,3,Premium-sensitive newcomers
101392,0,Established value seekers
101393,2,Stable digital loyalists
101394,3,Premium-sensitive newcomers
101395,3,Premium-sensitive newcomers
101396,0,Established value seekers
101397,1,High-touch risk
101398,0,Established value seekers
101399,3,Premium-sensitive newcomers
101400,3,Premium-sensitive newcomers
101401,2,Stable digital loyalists
101402,2,Stable digital loyalists
101403,3,Premium-sensitive newcomers
101404,1,High-touch risk
101405,2,Stable digital loyalists
101406,0,Established value seekers
101407,0,Established value seekers
101408,1,High-touch risk
101409,1,High-touch risk
101410,1,High-touch risk
101411,0,Established value seekers
101412,3,Premium-sensitive newcomers
101413,3,Premium-sensitive newcomers
101414,1,High-touch risk
101415,0,Established value seekers
101416,1,High-touch risk
101417,3,Premium-sensitive newcomers
101418,3,Premium-sensitive newcomers
101419,3,Premium-sensitive newcomers
101420,2,Stable digital loyalists
101421,0,Established value seekers
101422,0,Established value seekers
101423,3,Premium-sensitive newcomers
101424,1,High-touch risk
101425,0,Established value seekers
101426,0,Established value seekers
101427,3,Premium-sensitive newcomers
101428,1,High-touch risk
101429,0,Established value seekers
101430,0,Established value seekers
101431,3,Premium-sensitive newcomers
101432,2,Stable digital loyalists
101433,0,Established value seekers
101434,2,Stable digital loyalists
101435,2,Stable digital loyalists
101436,3,Premium-sensitive newcomers
101437,1,High-touch risk
101438,0,Established value seekers
101439,1,High-touch risk
101440,1,High-touch risk
101441,1,High-touch risk
101442,3,Premium-sensitive newcomers
101443,2,Stable digital loyalists
101444,0,Established value seekers
101445,2,Stable digital loyalists
101446,1,High-touch risk
101447,3,Premium-sensitive newcomers
101448,0,Established value seekers
101449,3,Premium-sensitive newcomers
101450,3,Premium-sensitive newcomers
101451,2,Stable digital loyalists
101452,3,Premium-sensitive newcomers
101453,3,Premium-sensitive newcomers
101454,1,High-touch risk
101455,1,High-touch risk
101456,0,Established value seekers
101457,3,Premium-sensitive newcomers
101458,2,Stable digital loyalists
101459,0,Established value seekers
101460,0,Established value seekers
101461,2,Stable digital loyalists
101462,1,High-touch risk
101463,1,High-touch risk
101464,1,High-touch risk
101465,3,Premium-sensitive newcomers
101466,0,Established value seekers
101467,1,High-touch risk
101468,1,High-touch risk
101469,3,Premium-sensitive newcomers
101470,3,Premium-sensitive newcomers
101471,2,Stable digital loyalists
101472,0,Established value seekers
101473,1,High-touch risk
101474,0,Established value seekers
101475,3,Premium-sensitive newcomers
101476,0,Established value seekers
101477,0,Established value seekers
101478,3,Premium-sensitive newcomers
101479,1,High-touch risk
101480,1,High-touch risk
101481,3,Premium-sensitive newcomers
101482,3,Premium-sensitive newcomers
101483,3,Premium-sensitive newcomers
101484,3,Premium-sensitive newcomers
101485,2,Stable digital loyalists
101486,0,Established value seekers
101487,3,Premium-sensitive newcomers
101488,3,Premium-sensitive newcomers
101489,1,High-touch risk
101490,3,Premium-sensitive newcomers
101491,3,Premium-sensitive newcomers
101492,0,Established value seekers
101493,1,High-touch risk
101494,3,Premium-sensitive newcomers
101495,0,Established value seekers
101496,2,Stable digital loyalists
101497,2,Stable digital loyalists
101498,2,Stable digital loyalists
101499,1,High-touch risk
101500,3,Premium-sensitive newcomers
101501,3,Premium-sensitive newcomers
101502,0,Established value seekers
101503,2,Stable digital loyalists
101504,0,Established value seekers
101505,2,Stable digital loyalists
101506,1,High-touch risk
101507,3,Premium-sensitive newcomers
101508,1,High-touch risk
101509,0,Established value seekers
101510,1,High-touch risk
101511,2,Stable digital loyalists
101512,1,High-touch risk
101513,0,Established value seekers
101514,1,High-touch risk
101515,2,Stable digital loyalists
101516,0,Established value seekers
101517,0,Established value seekers
101518,0,Established value seekers
101519,3,Premium-sensitive newcomers
101520,0,Established value seekers
101521,1,High-touch risk
101522,0,Established value seekers
101523,3,Premium-sensitive newcomers
101524,1,High-touch risk
101525,0,Established value seekers
101526,2,Stable digital loyalists
101527,2,Stable digital loyalists
101528,2,Stable digital loyalists
101529,1,High-touch risk
101530,3,Premium-sensitive newcomers
101531,0,Established value seekers
101532,3,Premium-sensitive newcomers
101533,0,Established value seekers
101534,0,Established value seekers
101535,0,Established value seekers
101536,3,Premium-sensitive newcomers
101537,3,Premium-sensitive newcomers
101538,1,High-touch risk
101539,1,High-touch risk
101540,0,Established value seekers
101541,3,Premium-sensitive newcomers
101542,2,Stable digital loyalists
101543,1,High-touch risk
101544,1,High-touch risk
101545,0,Established value seekers
101546,2,Stable digital loyalists
101547,1,High-touch risk
101548,3,Premium-sensitive newcomers
101549,3,Premium-sensitive newcomers
101550,1,High-touch risk
101551,3,Premium-sensitive newcomers
101552,0,Established value seekers
101553,2,Stable digital loyalists
101554,1,High-touch risk
101555,0,Established value seekers
101556,2,Stable digital loyalists
101557,3,Premium-sensitive newcomers
101558,2,Stable digital loyalists
101559,1,High-touch risk
101560,3,Premium-sensitive newcomers
101561,3,Premium-sensitive newcomers
101562,0,Established value seekers
101563,3,Premium-sensitive newcomers
101564,2,Stable digital loyalists
101565,0,Established value seekers
101566,3,Premium-sensitive newcomers
101567,2,Stable digital loyalists
101568,3,Premium-sensitive newcomers
101569,2,Stable digital loyalists
101570,2,Stable digital loyalists
101571,2,Stable digital loyalists
101572,0,Established value seekers
101573,0,Established value seekers
101574,0,Established value seekers
101575,2,Stable digital loyalists
101576,3,Premium-sensitive newcomers
101577,3,Premium-sensitive newcomers
101578,1,High-touch risk
101579,1,High-touch risk
101580,1,High-touch risk
101581,3,Premium-sensitive newcomers
101582,3,Premium-sensitive newcomers
101583,0,Established value seekers
101584,2,Stable digital loyalists
101585,1,High-touch risk
101586,1,High-touch risk
101587,2,Stable digital loyalists
101588,2,Stable digital loyalists
101589,3,Premium-sensitive newcomers
101590,1,High-touch risk
101591,3,Premium-sensitive newcomers
101592,2,Stable digital loyalists
101593,3,Premium-sensitive newcomers
101594,0,Established value seekers
101595,2,Stable digital loyalists
101596,3,Premium-sensitive newcomers
101597,2,Stable digital loyalists
101598,2,Stable digital loyalists
101599,0,Established value seekers
101600,3,Premium-sensitive newcomers
101601,3,Premium-sensitive newcomers
101602,1,High-touch risk
101603,2,Stable digital loyalists
101604,3,Premium-sensitive newcomers
101605,0,Established value seekers
101606,0,Established value seekers
101607,3,Premium-sensitive newcomers
101608,3,Premium-sensitive newcomers
101609,1,High-touch risk
101610,1,High-touch risk
101611,1,High-touch risk
101612,3,Premium-sensitive newcomers
101613,3,Premium-sensitive newcomers
101614,0,Established value seekers
101615,3,Premium-sensitive newcomers
101616,2,Stable digital loyalists
101617,1,High-touch risk
101618,0,Established value seekers
101619,3,Premium-sensitive newcomers
101620,3,Premium-sensitive newcomers
101621,1,High-touch risk
101622,3,Premium-sensitive newcomers
101623,0,Established value seekers
101624,0,Established value seekers
101625,3,Premium-sensitive newcomers
101626,1,High-touch risk
101627,1,High-touch risk
101628,2,Stable digital loyalists
101629,3,Premium-sensitive newcomers
101630,3,Premium-sensitive newcomers
101631,3,Premium-sensitive newcomers
101632,3,Premium-sensitive newcomers
101633,2,Stable digital loyalists
101634,3,Premium-sensitive newcomers
101635,0,Established value seekers
101636,3,Premium-sensitive newcomers
101637,0,Established value seekers
101638,2,Stable digital loyalists
101639,0,Established value seekers
101640,3,Premium-sensitive newcomers
101641,1,High-touch risk
101642,3,Premium-sensitive newcomers
101643,0,Established value seekers
101644,2,Stable digital loyalists
101645,1,High-touch risk
101646,1,High-touch risk
101647,3,Premium-sensitive newcomers
101648,0,Established value seekers
101649,3,Premium-sensitive newcomers
101650,1,High-touch risk
101651,3,Premium-sensitive newcomers
101652,1,High-touch risk
101653,3,Premium-sensitive newcomers
101654,0,Established value seekers
101655,0,Established value seekers
101656,1,High-touch risk
101657,3,Premium-sensitive newcomers
101658,0,Established value seekers
101659,0,Established value seekers
101660,3,Premium-sensitive newcomers
101661,0,Established value seekers
101662,0,Established value seekers
101663,3,Premium-sensitive newcomers
101664,3,Premium-sensitive newcomers
101665,0,Established value seekers
101666,0,Established value seekers
101667,3,Premium-sensitive newcomers
101668,3,Premium-sensitive newcomers
101669,3,Premium-sensitive newcomers
101670,2,Stable digital loyalists
101671,2,Stable digital loyalists
101672,3,Premium-sensitive newcomers
101673,2,Stable digital loyalists
101674,2,Stable digital loyalists
101675,3,Premium-sensitive newcomers
101676,1,High-touch risk
101677,2,Stable digital loyalists
101678,2,Stable digital loyalists
101679,0,Established value seekers
101680,2,Stable digital loyalists
101681,0,Established value seekers
101682,0,Established value seekers
101683,2,Stable digital loyalists
101684,1,High-touch risk
101685,1,High-touch risk
101686,3,Premium-sensitive newcomers
101687,1,High-touch risk
101688,2,Stable digital loyalists
101689,0,Established value seekers
101690,2,Stable digital loyalists
101691,2,Stable digital loyalists
101692,0,Established value seekers
101693,2,Stable digital loyalists
101694,3,Premium-sensitive newcomers
101695,3,Premium-sensitive newcomers
101696,1,High-touch risk
101697,0,Established value seekers
101698,0,Established value seekers
101699,3,Premium-sensitive newcomers
101700,0,Established value seekers
101701,2,Stable digital loyalists
101702,2,Stable digital loyalists
101703,0,Established value seekers
101704,0,Established value seekers
101705,3,Premium-sensitive newcomers
101706,3,Premium-sensitive newcomers
101707,2,Stable digital loyalists
101708,2,Stable digital loyalists
101709,0,Established value seekers
101710,3,Premium-sensitive newcomers
101711,2,Stable digital loyalists
101712,3,Premium-sensitive newcomers
101713,0,Established value seekers
101714,3,Premium-sensitive newcomers
101715,0,Established value seekers
101716,1,High-touch risk
101717,1,High-touch risk
101718,3,Premium-sensitive newcomers
101719,2,Stable digital loyalists
101720,2,Stable digital loyalists
101721,3,Premium-sensitive newcomers
101722,0,Established value seekers
101723,2,Stable digital loyalists
101724,3,Premium-sensitive newcomers
101725,3,Premium-sensitive newcomers
101726,0,Established value seekers
101727,1,High-touch risk
101728,0,Established value seekers
101729,0,Established value seekers
101730,0,Established value seekers
101731,1,High-touch risk
101732,3,Premium-sensitive newcomers
101733,3,Premium-sensitive newcomers
101734,3,Premium-sensitive newcomers
101735,3,Premium-sensitive newcomers
101736,0,Established value seekers
101737,0,Established value seekers
101738,3,Premium-sensitive newcomers
101739,3,Premium-sensitive newcomers
101740,1,High-touch risk
101741,2,Stable digital loyalists
101742,3,Premium-sensitive newcomers
101743,1,High-touch risk
101744,0,Established value seekers
101745,3,Premium-sensitive newcomers
101746,3,Premium-sensitive newcomers
101747,2,Stable digital loyalists
101748,0,Established value seekers
101749,0,Established value seekers
101750,1,High-touch risk
101751,1,High-touch risk
101752,1,High-touch risk
101753,1,High-touch risk
101754,2,Stable digital loyalists
101755,0,Established value seekers
101756,3,Premium-sensitive newcomers
101757,0,Established value seekers
101758,3,Premium-sensitive newcomers
101759,3,Premium-sensitive newcomers
101760,0,Established value seekers
101761,2,Stable digital loyalists
101762,3,Premium-sensitive newcomers
101763,0,Established value seekers
101764,0,Established value seekers
101765,0,Established value seekers
101766,0,Established value seekers
101767,2,Stable digital loyalists
101768,3,Premium-sensitive newcomers
101769,2,Stable digital loyalists
101770,3,Premium-sensitive newcomers
101771,1,High-touch risk
101772,2,Stable digital loyalists
101773,2,Stable digital loyalists
101774,1,High-touch risk
101775,2,Stable digital loyalists
101776,1,High-touch risk
101777,0,Established value seekers
101778,3,Premium-sensitive newcomers
101779,3,Premium-sensitive newcomers
101780,3,Premium-sensitive newcomers
101781,2,Stable digital loyalists
101782,1,High-touch risk
101783,1,High-touch risk
101784,3,Premium-sensitive newcomers
101785,0,Established value seekers
101786,1,High-touch risk
101787,0,Established value seekers
101788,3,Premium-sensitive newcomers
101789,1,High-touch risk
101790,1,High-touch risk
101791,3,Premium-sensitive newcomers
101792,2,Stable digital loyalists
101793,2,Stable digital loyalists
101794,0,Established value seekers
101795,1,High-touch risk
101796,1,High-touch risk
101797,3,Premium-sensitive newcomers
101798,3,Premium-sensitive newcomers
101799,3,Premium-sensitive newcomers
101800,2,Stable digital loyalists
101801,3,Premium-sensitive newcomers
101802,1,High-touch risk
101803,2,Stable digital loyalists
101804,2,Stable digital loyalists
101805,1,High-touch risk
101806,3,Premium-sensitive newcomers
101807,1,High-touch risk
101808,2,Stable digital loyalists
101809,1,High-touch risk
101810,3,Premium-sensitive newcomers
101811,2,Stable digital loyalists
101812,3,Premium-sensitive newcomers
101813,3,Premium-sensitive newcomers
101814,2,Stable digital loyalists
101815,2,Stable digital loyalists
101816,3,Premium-sensitive newcomers
101817,1,High-touch risk
101818,3,Premium-sensitive newcomers
101819,1,High-touch risk
101820,0,Established value seekers
101821,2,Stable digital loyalists
101822,2,Stable digital loyalists
101823,2,Stable digital loyalists
101824,3,Premium-sensitive newcomers
101825,1,High-touch risk
101826,0,Established value seekers
101827,2,Stable digital loyalists
101828,3,Premium-sensitive newcomers
101829,1,High-touch risk
101830,0,Established value seekers
101831,0,Established value seekers
101832,3,Premium-sensitive newcomers
101833,2,Stable digital loyalists
101834,2,Stable digital loyalists
101835,3,Premium-sensitive newcomers
101836,3,Premium-sensitive newcomers
101837,2,Stable digital loyalists
101838,2,Stable digital loyalists
101839,1,High-touch risk
101840,3,Premium-sensitive newcomers
101841,2,Stable digital loyalists
101842,1,High-touch risk
101843,0,Established value seekers
101844,1,High-touch risk
101845,2,Stable digital loyalists
101846,3,Premium-sensitive newcomers
101847,1,High-touch risk
101848,2,Stable digital loyalists
101849,2,Stable digital loyalists
101850,3,Premium-sensitive newcomers
101851,0,Established value seekers
101852,2,Stable digital loyalists
101853,3,Premium-sensitive newcomers
101854,1,High-touch risk
101855,1,High-touch risk
101856,0,Established value seekers
101857,0,Established value seekers
101858,0,Established value seekers
101859,0,Established value seekers
101860,1,High-touch risk
101861,2,Stable digital loyalists
101862,1,High-touch risk
101863,0,Established value seekers
101864,0,Established value seekers
101865,1,High-touch risk
101866,1,High-touch risk
101867,1,High-touch risk
101868,3,Premium-sensitive newcomers
101869,1,High-touch risk
101870,3,Premium-sensitive newcomers
101871,0,Established value seekers
101872,1,High-touch risk
101873,1,High-touch risk
101874,2,Stable digital loyalists
101875,0,Established value seekers
101876,0,Established value seekers
101877,1,High-touch risk
101878,3,Premium-sensitive newcomers
101879,0,Established value seekers
101880,2,Stable digital loyalists
101881,1,High-touch risk
101882,0,Established value seekers
101883,0,Established value seekers
101884,2,Stable digital loyalists
101885,0,Established value seekers
101886,1,High-touch risk
101887,1,High-touch risk
101888,1,High-touch risk
101889,1,High-touch risk
101890,3,Premium-sensitive newcomers
101891,3,Premium-sensitive newcomers
101892,0,Established value seekers
101893,2,Stable digital loyalists
101894,1,High-touch risk
101895,2,Stable digital loyalists
101896,0,Established value seekers
101897,1,High-touch risk
101898,1,High-touch risk
101899,2,Stable digital loyalists
101900,0,Established value seekers
101901,0,Established value seekers
101902,3,Premium-sensitive newcomers
101903,3,Premium-sensitive newcomers
101904,2,Stable digital loyalists
101905,2,Stable digital loyalists
101906,3,Premium-sensitive newcomers
101907,1,High-touch risk
101908,0,Established value seekers
101909,1,High-touch risk
101910,1,High-touch risk
101911,2,Stable digital loyalists
101912,1,High-touch risk
101913,3,Premium-sensitive newcomers
101914,0,Established value seekers
101915,0,Established value seekers
101916,2,Stable digital loyalists
101917,0,Established value seekers
101918,1,High-touch risk
101919,0,Established value seekers
101920,0,Established value seekers
101921,3,Premium-sensitive newcomers
101922,3,Premium-sensitive newcomers
101923,0,Established value seekers
101924,2,Stable digital loyalists
101925,3,Premium-sensitive newcomers
101926,0,Established value seekers
101927,0,Established value seekers
101928,2,Stable digital loyalists
101929,3,Premium-sensitive newcomers
101930,0,Established value seekers
101931,1,High-touch risk
101932,0,Established value seekers
101933,3,Premium-sensitive newcomers
101934,3,Premium-sensitive newcomers
101935,1,High-touch risk
101936,2,Stable digital loyalists
101937,0,Established value seekers
101938,1,High-touch risk
101939,2,Stable digital loyalists
101940,0,Established value seekers
101941,0,Established value seekers
101942,3,Premium-sensitive newcomers
101943,2,Stable digital loyalists
101944,3,Premium-sensitive newcomers
101945,3,Premium-sensitive newcomers
101946,1,High-touch risk
101947,3,Premium-sensitive newcomers
101948,1,High-touch risk
101949,0,Established value seekers
101950,0,Established value seekers
101951,0,Established value seekers
101952,0,Established value seekers
101953,1,High-touch risk
101954,3,Premium-sensitive newcomers
101955,2,Stable digital loyalists
101956,1,High-touch risk
101957,2,Stable digital loyalists
101958,0,Established value seekers
101959,1,High-touch risk
101960,3,Premium-sensitive newcomers
101961,0,Established value seekers
101962,1,High-touch risk
101963,0,Established value seekers
101964,0,Established value seekers
101965,0,Established value seekers
101966,1,High-touch risk
101967,3,Premium-sensitive newcomers
101968,3,Premium-sensitive newcomers
101969,2,Stable digital loyalists
101970,3,Premium-sensitive newcomers
101971,2,Stable digital loyalists
101972,0,Established value seekers
101973,1,High-touch risk
101974,2,Stable digital loyalists
101975,0,Established value seekers
101976,0,Established value seekers
101977,0,Established value seekers
101978,3,Premium-sensitive newcomers
101979,1,High-touch risk
101980,1,High-touch risk
101981,3,Premium-sensitive newcomers
101982,3,Premium-sensitive newcomers
101983,1,High-touch risk
101984,1,High-touch risk
101985,2,Stable digital loyalists
101986,3,Premium-sensitive newcomers
101987,2,Stable digital loyalists
101988,0,Established value seekers
101989,2,Stable digital loyalists
101990,2,Stable digital loyalists
101991,1,High-touch risk
101992,1,High-touch risk
101993,0,Established value seekers
101994,0,Established value seekers
101995,1,High-touch risk
101996,2,Stable digital loyalists
101997,1,High-touch risk
101998,1,High-touch risk
101999,0,Established value seekers
102000,3,Premium-sensitive newcomers
102001,3,Premium-sensitive newcomers
102002,3,Premium-sensitive newcomers
102003,2,Stable digital loyalists
102004,2,Stable digital loyalists
102005,2,Stable digital loyalists
102006,0,Established value seekers
102007,0,Established value seekers
102008,0,Established value seekers
102009,1,High-touch risk
102010,0,Established value seekers
102011,3,Premium-sensitive newcomers
102012,3,Premium-sensitive newcomers
102013,1,High-touch risk
102014,0,Established value seekers
102015,1,High-touch risk
102016,1,High-touch risk
102017,3,Premium-sensitive newcomers
102018,1,High-touch risk
102019,3,Premium-sensitive newcomers
102020,3,Premium-sensitive newcomers
102021,2,Stable digital loyalists
102022,0,Established value seekers
102023,0,Established value seekers
102024,3,Premium-sensitive newcomers
102025,0,Established value seekers
102026,2,Stable digital loyalists
102027,0,Established value seekers
102028,1,High-touch risk
102029,2,Stable digital loyalists
102030,2,Stable digital loyalists
102031,0,Established value seekers
102032,1,High-touch risk
102033,0,Established value seekers
102034,1,High-touch risk
102035,2,Stable digital loyalists
102036,1,High-touch risk
102037,2,Stable digital loyalists
102038,1,High-touch risk
102039,3,Premium-sensitive newcomers
102040,1,High-touch risk
102041,1,High-touch risk
102042,3,Premium-sensitive newcomers
102043,1,High-touch risk
102044,0,Established value seekers
102045,2,Stable digital loyalists
102046,1,High-touch risk
102047,3,Premium-sensitive newcomers
102048,3,Premium-sensitive newcomers
102049,0,Established value seekers
102050,2,Stable digital loyalists
102051,1,High-touch risk
102052,2,Stable digital loyalists
102053,2,Stable digital loyalists
102054,2,Stable digital loyalists
102055,0,Established value seekers
102056,1,High-touch risk
102057,2,Stable digital loyalists
102058,1,High-touch risk
102059,0,Established value seekers
102060,2,Stable digital loyalists
102061,1,High-touch risk
102062,3,Premium-sensitive newcomers
102063,2,Stable digital loyalists
102064,2,Stable digital loyalists
102065,3,Premium-sensitive newcomers
102066,3,Premium-sensitive newcomers
102067,1,High-touch risk
102068,0,Established value seekers
102069,3,Premium-sensitive newcomers
102070,0,Established value seekers
102071,2,Stable digital loyalists
102072,2,Stable digital loyalists
102073,3,Premium-sensitive newcomers
102074,1,High-touch risk
102075,2,Stable digital loyalists
102076,0,Established value seekers
102077,2,Stable digital loyalists
102078,3,Premium-sensitive newcomers
102079,2,Stable digital loyalists
102080,0,Established value seekers
102081,1,High-touch risk
102082,1,High-touch risk
102083,0,Established value seekers
102084,3,Premium-sensitive newcomers
102085,1,High-touch risk
102086,3,Premium-sensitive newcomers
102087,0,Established value seekers
102088,0,Established value seekers
102089,1,High-touch risk
102090,0,Established value seekers
102091,0,Established value seekers
102092,3,Premium-sensitive newcomers
102093,2,Stable digital loyalists
102094,2,Stable digital loyalists
102095,3,Premium-sensitive newcomers
102096,1,High-touch risk
102097,3,Premium-sensitive newcomers
102098,2,Stable digital loyalists
102099,1,High-touch risk
102100,1,High-touch risk
102101,3,Premium-sensitive newcomers
102102,0,Established value seekers
102103,3,Premium-sensitive newcomers
102104,2,Stable digital loyalists
102105,3,Premium-sensitive newcomers
102106,3,Premium-sensitive newcomers
102107,3,Premium-sensitive newcomers
102108,1,High-touch risk
102109,1,High-touch risk
102110,3,Premium-sensitive newcomers
102111,2,Stable digital loyalists
102112,2,Stable digital loyalists
102113,0,Established value seekers
102114,3,Premium-sensitive newcomers
102115,3,Premium-sensitive newcomers
102116,1,High-touch risk
102117,3,Premium-sensitive newcomers
102118,0,Established value seekers
102119,1,High-touch risk
102120,3,Premium-sensitive newcomers
102121,0,Established value seekers
102122,2,Stable digital loyalists
102123,3,Premium-sensitive newcomers
102124,2,Stable digital loyalists
102125,2,Stable digital loyalists
102126,1,High-touch risk
102127,1,High-touch risk
102128,3,Premium-sensitive newcomers
102129,0,Established value seekers
102130,3,Premium-sensitive newcomers
102131,0,Established value seekers
102132,1,High-touch risk
102133,3,Premium-sensitive newcomers
102134,1,High-touch risk
102135,1,High-touch risk
102136,3,Premium-sensitive newcomers
102137,0,Established value seekers
102138,3,Premium-sensitive newcomers
102139,1,High-touch risk
102140,2,Stable digital loyalists
102141,0,Established value seekers
102142,2,Stable digital loyalists
102143,3,Premium-sensitive newcomers
102144,1,High-touch risk
102145,3,Premium-sensitive newcomers
102146,3,Premium-sensitive newcomers
102147,2,Stable digital loyalists
102148,2,Stable digital loyalists
102149,1,High-touch risk
102150,3,Premium-sensitive newcomers
102151,2,Stable digital loyalists
102152,3,Premium-sensitive newcomers
102153,3,Premium-sensitive newcomers
102154,0,Established value seekers
102155,3,Premium-sensitive newcomers
102156,3,Premium-sensitive newcomers
102157,1,High-touch risk
102158,2,Stable digital loyalists
102159,1,High-touch risk
102160,3,Premium-sensitive newcomers
102161,1,High-touch risk
102162,1,High-touch risk
102163,1,High-touch risk
102164,0,Established value seekers
102165,3,Premium-sensitive newcomers
102166,0,Established value seekers
102167,3,Premium-sensitive newcomers
102168,2,Stable digital loyalists
102169,0,Established value seekers
102170,1,High-touch risk
102171,3,Premium-sensitive newcomers
102172,0,Established value seekers
102173,0,Established value seekers
102174,1,High-touch risk
102175,2,Stable digital loyalists
102176,3,Premium-sensitive newcomers
102177,3,Premium-sensitive newcomers
102178,3,Premium-sensitive newcomers
102179,2,Stable digital loyalists
102180,3,Premium-sensitive newcomers
102181,1,High-touch risk
102182,3,Premium-sensitive newcomers
102183,1,High-touch risk
102184,0,Established value seekers
102185,2,Stable digital loyalists
102186,3,Premium-sensitive newcomers
102187,3,Premium-sensitive newcomers
102188,1,High-touch risk
102189,2,Stable digital loyalists
102190,3,Premium-sensitive newcomers
102191,3,Premium-sensitive newcomers
102192,2,Stable digital loyalists
102193,3,Premium-sensitive newcomers
102194,2,Stable digital loyalists
102195,0,Established value seekers
102196,3,Premium-sensitive newcomers
102197,1,High-touch risk
102198,3,Premium-sensitive newcomers
102199,3,Premium-sensitive newcomers
102200,0,Established value seekers
102201,3,Premium-sensitive newcomers
102202,0,Established value seekers
102203,2,Stable digital loyalists
102204,1,High-touch risk
102205,3,Premium-sensitive newcomers
102206,3,Premium-sensitive newcomers
102207,3,Premium-sensitive newcomers
102208,3,Premium-sensitive newcomers
102209,0,Established value seekers
102210,1,High-touch risk
102211,0,Established value seekers
102212,2,Stable digital loyalists
102213,3,Premium-sensitive newcomers
102214,2,Stable digital loyalists
102215,3,Premium-sensitive newcomers
102216,3,Premium-sensitive newcomers
102217,1,High-touch risk
102218,3,Premium-sensitive newcomers
102219,2,Stable digital loyalists
102220,3,Premium-sensitive newcomers
102221,0,Established value seekers
102222,0,Established value seekers
102223,0,Established value seekers
102224,2,Stable digital loyalists
102225,1,High-touch risk
102226,0,Established value seekers
102227,2,Stable digital loyalists
102228,3,Premium-sensitive newcomers
102229,1,High-touch risk
102230,1,High-touch risk
102231,1,High-touch risk
102232,1,High-touch risk
102233,0,Established value seekers
102234,3,Premium-sensitive newcomers
102235,2,Stable digital loyalists
102236,0,Established value seekers
102237,1,High-touch risk
102238,3,Premium-sensitive newcomers
102239,0,Established value seekers
102240,2,Stable digital loyalists
102241,3,Premium-sensitive newcomers
102242,2,Stable digital loyalists
102243,1,High-touch risk
102244,1,High-touch risk
102245,3,Premium-sensitive newcomers
102246,0,Established value seekers
102247,1,High-touch risk
102248,0,Established value seekers
102249,2,Stable digital loyalists
102250,3,Premium-sensitive newcomers
102251,1,High-touch risk
102252,3,Premium-sensitive newcomers
102253,2,Stable digital loyalists
102254,0,Established value seekers
102255,0,Established value seekers
102256,2,Stable digital loyalists
102257,3,Premium-sensitive newcomers
102258,1,High-touch risk
102259,1,High-touch risk
102260,3,Premium-sensitive newcomers
102261,1,High-touch risk
102262,2,Stable digital loyalists
102263,3,Premium-sensitive newcomers
102264,1,High-touch risk
102265,2,Stable digital loyalists
102266,0,Established value seekers
102267,1,High-touch risk
102268,3,Premium-sensitive newcomers
102269,0,Established value seekers
102270,0,Established value seekers
102271,0,Established value seekers
102272,2,Stable digital loyalists
102273,3,Premium-sensitive newcomers
102274,1,High-touch risk
102275,0,Established value seekers
102276,2,Stable digital loyalists
102277,2,Stable digital loyalists
102278,2,Stable digital loyalists
102279,1,High-touch risk
102280,3,Premium-sensitive newcomers
102281,3,Premium-sensitive newcomers
102282,3,Premium-sensitive newcomers
102283,3,Premium-sensitive newcomers
102284,3,Premium-sensitive newcomers
102285,3,Premium-sensitive newcomers
102286,0,Established value seekers
102287,1,High-touch risk
102288,2,Stable digital loyalists
102289,0,Established value seekers
102290,2,Stable digital loyalists
102291,1,High-touch risk
102292,0,Established value seekers
102293,3,Premium-sensitive newcomers
102294,0,Established value seekers
102295,1,High-touch risk
102296,2,Stable digital loyalists
102297,1,High-touch risk
102298,0,Established value seekers
102299,2,Stable digital loyalists
102300,3,Premium-sensitive newcomers
102301,2,Stable digital loyalists
102302,3,Premium-sensitive newcomers
102303,2,Stable digital loyalists
102304,1,High-touch risk
102305,3,Premium-sensitive newcomers
102306,0,Established value seekers
102307,2,Stable digital loyalists
102308,0,Established value seekers
102309,1,High-touch risk
102310,0,Established value seekers
102311,0,Established value seekers
102312,0,Established value seekers
102313,2,Stable digital loyalists
102314,1,High-touch risk
102315,3,Premium-sensitive newcomers
102316,1,High-touch risk
102317,1,High-touch risk
102318,0,Established value seekers
102319,3,Premium-sensitive newcomers
102320,2,Stable digital loyalists
102321,0,Established value seekers
102322,0,Established value seekers
102323,3,Premium-sensitive newcomers
102324,3,Premium-sensitive newcomers
102325,1,High-touch risk
102326,0,Established value seekers
102327,1,High-touch risk
102328,3,Premium-sensitive newcomers
102329,0,Established value seekers
102330,2,Stable digital loyalists
102331,2,Stable digital loyalists
102332,3,Premium-sensitive newcomers
102333,0,Established value seekers
102334,1,High-touch risk
102335,1,High-touch risk
102336,2,Stable digital loyalists
102337,3,Premium-sensitive newcomers
102338,0,Established value seekers
102339,3,Premium-sensitive newcomers
102340,3,Premium-sensitive newcomers
102341,0,Established value seekers
102342,0,Established value seekers
102343,1,High-touch risk
102344,3,Premium-sensitive newcomers
102345,3,Premium-sensitive newcomers
102346,2,Stable digital loyalists
102347,0,Established value seekers
102348,0,Established value seekers
102349,0,Established value seekers
102350,0,Established value seekers
102351,3,Premium-sensitive newcomers
102352,3,Premium-sensitive newcomers
102353,2,Stable digital loyalists
102354,0,Established value seekers
102355,2,Stable digital loyalists
102356,3,Premium-sensitive newcomers
102357,1,High-touch risk
102358,2,Stable digital loyalists
102359,0,Established value seekers
102360,1,High-touch risk
102361,3,Premium-sensitive newcomers
102362,0,Established value seekers
102363,3,Premium-sensitive newcomers
102364,3,Premium-sensitive newcomers
102365,3,Premium-sensitive newcomers
102366,1,High-touch risk
102367,0,Established value seekers
102368,3,Premium-sensitive newcomers
102369,1,High-touch risk
102370,0,Established value seekers
102371,3,Premium-sensitive newcomers
102372,3,Premium-sensitive newcomers
102373,3,Premium-sensitive newcomers
102374,1,High-touch risk
102375,2,Stable digital loyalists
102376,3,Premium-sensitive newcomers
102377,1,High-touch risk
102378,2,Stable digital loyalists
102379,2,Stable digital loyalists
102380,2,Stable digital loyalists
102381,1,High-touch risk
102382,0,Established value seekers
102383,3,Premium-sensitive newcomers
102384,0,Established value seekers
102385,0,Established value seekers
102386,1,High-touch risk
102387,3,Premium-sensitive newcomers
102388,3,Premium-sensitive newcomers
102389,0,Established value seekers
102390,3,Premium-sensitive newcomers
102391,0,Established value seekers
102392,2,Stable digital loyalists
102393,0,Established value seekers
102394,2,Stable digital loyalists
102395,2,Stable digital loyalists
102396,3,Premium-sensitive newcomers
102397,2,Stable digital loyalists
102398,1,High-touch risk
102399,1,High-touch risk
102400,1,High-touch risk
102401,0,Established value seekers
102402,1,High-touch risk
102403,1,High-touch risk
102404,1,High-touch risk
102405,0,Established value seekers
102406,3,Premium-sensitive newcomers
102407,0,Established value seekers
102408,2,Stable digital loyalists
102409,0,Established value seekers
102410,0,Established value seekers
102411,2,Stable digital loyalists
102412,3,Premium-sensitive newcomers
102413,1,High-touch risk
102414,0,Established value seekers
102415,1,High-touch risk
102416,0,Established value seekers
102417,2,Stable digital loyalists
102418,2,Stable digital loyalists
102419,2,Stable digital loyalists
102420,3,Premium-sensitive newcomers
102421,0,Established value seekers
102422,2,Stable digital loyalists
102423,2,Stable digital loyalists
102424,1,High-touch risk
102425,2,Stable digital loyalists
102426,2,Stable digital loyalists
102427,1,High-touch risk
102428,3,Premium-sensitive newcomers
102429,0,Established value seekers
102430,0,Established value seekers
102431,3,Premium-sensitive newcomers
102432,3,Premium-sensitive newcomers
102433,3,Premium-sensitive newcomers
102434,3,Premium-sensitive newcomers
102435,1,High-touch risk
102436,3,Premium-sensitive newcomers
102437,2,Stable digital loyalists
102438,3,Premium-sensitive newcomers
102439,2,Stable digital loyalists
102440,2,Stable digital loyalists
102441,2,Stable digital loyalists
102442,1,High-touch risk
102443,3,Premium-sensitive newcomers
102444,0,Established value seekers
102445,0,Established value seekers
102446,3,Premium-sensitive newcomers
102447,1,High-touch risk
102448,3,Premium-sensitive newcomers
102449,3,Premium-sensitive newcomers
102450,0,Established value seekers
102451,2,Stable digital loyalists
102452,1,High-touch risk
102453,3,Premium-sensitive newcomers
102454,1,High-touch risk
102455,3,Premium-sensitive newcomers
102456,1,High-touch risk
102457,1,High-touch risk
102458,2,Stable digital loyalists
102459,3,Premium-sensitive newcomers
102460,0,Established value seekers
102461,0,Established value seekers
102462,0,Established value seekers
102463,0,Established value seekers
102464,3,Premium-sensitive newcomers
102465,1,High-touch risk
102466,0,Established value seekers
102467,3,Premium-sensitive newcomers
102468,1,High-touch risk
102469,3,Premium-sensitive newcomers
102470,0,Established value seekers
102471,0,Established value seekers
102472,1,High-touch risk
102473,3,Premium-sensitive newcomers
102474,0,Established value seekers
102475,3,Premium-sensitive newcomers
102476,0,Established value seekers
102477,1,High-touch risk
102478,1,High-touch risk
102479,2,Stable digital loyalists
102480,2,Stable digital loyalists
102481,3,Premium-sensitive newcomers
102482,3,Premium-sensitive newcomers
102483,2,Stable digital loyalists
102484,1,High-touch risk
102485,1,High-touch risk
102486,1,High-touch risk
102487,0,Established value seekers
102488,1,High-touch risk
102489,3,Premium-sensitive newcomers
102490,3,Premium-sensitive newcomers
102491,2,Stable digital loyalists
102492,3,Premium-sensitive newcomers
102493,3,Premium-sensitive newcomers
102494,1,High-touch risk
102495,3,Premium-sensitive newcomers
102496,3,Premium-sensitive newcomers
102497,0,Established value seekers
102498,2,Stable digital loyalists
102499,3,Premium-sensitive newcomers
102500,0,Established value seekers
102501,0,Established value seekers
102502,0,Established value seekers
102503,1,High-touch risk
102504,2,Stable digital loyalists
102505,0,Established value seekers
102506,3,Premium-sensitive newcomers
102507,0,Established value seekers
102508,2,Stable digital loyalists
102509,1,High-touch risk
102510,3,Premium-sensitive newcomers
102511,0,Established value seekers
102512,2,Stable digital loyalists
102513,3,Premium-sensitive newcomers
102514,0,Established value seekers
102515,2,Stable digital loyalists
102516,0,Established value seekers
102517,1,High-touch risk
102518,0,Established value seekers
102519,3,Premium-sensitive newcomers
102520,1,High-touch risk
102521,3,Premium-sensitive newcomers
102522,0,Established value seekers
102523,2,Stable digital loyalists
102524,1,High-touch risk
102525,1,High-touch risk
102526,1,High-touch risk
102527,1,High-touch risk
102528,0,Established value seekers
102529,2,Stable digital loyalists
102530,0,Established value seekers
102531,3,Premium-sensitive newcomers
102532,2,Stable digital loyalists
102533,0,Established value seekers
102534,1,High-touch risk
102535,2,Stable digital loyalists
102536,1,High-touch risk
102537,0,Established value seekers
102538,3,Premium-sensitive newcomers
102539,3,Premium-sensitive newcomers
102540,0,Established value seekers
102541,3,Premium-sensitive newcomers
102542,2,Stable digital loyalists
102543,0,Established value seekers
102544,0,Established value seekers
102545,1,High-touch risk
102546,0,Established value seekers
102547,3,Premium-sensitive newcomers
102548,0,Established value seekers
102549,1,High-touch risk
102550,0,Established value seekers
102551,0,Established value seekers
102552,0,Established value seekers
102553,0,Established value seekers
102554,1,High-touch risk
102555,1,High-touch risk
102556,0,Established value seekers
102557,2,Stable digital loyalists
102558,0,Established value seekers
102559,3,Premium-sensitive newcomers
102560,2,Stable digital loyalists
102561,2,Stable digital loyalists
102562,1,High-touch risk
102563,1,High-touch risk
102564,3,Premium-sensitive newcomers
102565,2,Stable digital loyalists
102566,0,Established value seekers
102567,3,Premium-sensitive newcomers
102568,1,High-touch risk
102569,0,Established value seekers
102570,0,Established value seekers
102571,3,Premium-sensitive newcomers
102572,0,Established value seekers
102573,0,Established value seekers
102574,1,High-touch risk
102575,2,Stable digital loyalists
102576,0,Established value seekers
102577,0,Established value seekers
102578,0,Established value seekers
102579,3,Premium-sensitive newcomers
102580,2,Stable digital loyalists
102581,3,Premium-sensitive newcomers
102582,1,High-touch risk
102583,0,Established value seekers
102584,1,High-touch risk
102585,3,Premium-sensitive newcomers
102586,0,Established value seekers
102587,2,Stable digital loyalists
102588,0,Established value seekers
102589,3,Premium-sensitive newcomers
102590,2,Stable digital loyalists
102591,3,Premium-sensitive newcomers
102592,3,Premium-sensitive newcomers
102593,0,Established value seekers
102594,1,High-touch risk
102595,0,Established value seekers
102596,3,Premium-sensitive newcomers
102597,0,Established value seekers
102598,1,High-touch risk
102599,2,Stable digital loyalists
102600,1,High-touch risk
102601,2,Stable digital loyalists
102602,0,Established value seekers
102603,2,Stable digital loyalists
102604,3,Premium-sensitive newcomers
102605,2,Stable digital loyalists
102606,3,Premium-sensitive newcomers
102607,3,Premium-sensitive newcomers
102608,0,Established value seekers
102609,1,High-touch risk
102610,0,Established value seekers
102611,0,Established value seekers
102612,3,Premium-sensitive newcomers
102613,3,Premium-sensitive newcomers
102614,2,Stable digital loyalists
102615,2,Stable digital loyalists
102616,1,High-touch risk
102617,2,Stable digital loyalists
102618,1,High-touch risk
102619,2,Stable digital loyalists
102620,1,High-touch risk
102621,0,Established value seekers
102622,2,Stable digital loyalists
102623,2,Stable digital loyalists
102624,1,High-touch risk
102625,0,Established value seekers
102626,0,Established value seekers
102627,1,High-touch risk
102628,0,Established value seekers
102629,1,High-touch risk
102630,3,Premium-sensitive newcomers
102631,2,Stable digital loyalists
102632,1,High-touch risk
102633,3,Premium-sensitive newcomers
102634,2,Stable digital loyalists
102635,0,Established value seekers
102636,3,Premium-sensitive newcomers
102637,3,Premium-sensitive newcomers
102638,1,High-touch risk
102639,3,Premium-sensitive newcomers
102640,1,High-touch risk
102641,1,High-touch risk
102642,0,Established value seekers
102643,0,Established value seekers
102644,3,Premium-sensitive newcomers
102645,2,Stable digital loyalists
102646,3,Premium-sensitive newcomers
102647,3,Premium-sensitive newcomers
102648,1,High-touch risk
102649,2,Stable digital loyalists
102650,1,High-touch risk
102651,3,Premium-sensitive newcomers
102652,3,Premium-sensitive newcomers
102653,2,Stable digital loyalists
102654,0,Established value seekers
102655,1,High-touch risk
102656,0,Established value seekers
102657,0,Established value seekers
102658,1,High-touch risk
102659,1,High-touch risk
102660,1,High-touch risk
102661,2,Stable digital loyalists
102662,2,Stable digital loyalists
102663,1,High-touch risk
102664,3,Premium-sensitive newcomers
102665,3,Premium-sensitive newcomers
102666,0,Established value seekers
102667,1,High-touch risk
102668,2,Stable digital loyalists
102669,3,Premium-sensitive newcomers
102670,0,Established value seekers
102671,3,Premium-sensitive newcomers
102672,3,Premium-sensitive newcomers
102673,1,High-touch risk
102674,2,Stable digital loyalists
102675,0,Established value seekers
102676,0,Established value seekers
102677,1,High-touch risk
102678,3,Premium-sensitive newcomers
102679,3,Premium-sensitive newcomers
102680,1,High-touch risk
102681,3,Premium-sensitive newcomers
102682,0,Established value seekers
102683,0,Established value seekers
102684,3,Premium-sensitive newcomers
102685,1,High-touch risk
102686,1,High-touch risk
102687,2,Stable digital loyalists
102688,0,Established value seekers
102689,1,High-touch risk
102690,0,Established value seekers
102691,2,Stable digital loyalists
102692,2,Stable digital loyalists
102693,3,Premium-sensitive newcomers
102694,0,Established value seekers
102695,1,High-touch risk
102696,1,High-touch risk
102697,2,Stable digital loyalists
102698,1,High-touch risk
102699,1,High-touch risk
102700,1,High-touch risk
102701,1,High-touch risk
102702,3,Premium-sensitive newcomers
102703,3,Premium-sensitive newcomers
102704,3,Premium-sensitive newcomers
102705,0,Established value seekers
102706,0,Established value seekers
102707,3,Premium-sensitive newcomers
102708,2,Stable digital loyalists
102709,0,Established value seekers
102710,1,High-touch risk
102711,3,Premium-sensitive newcomers
102712,1,High-touch risk
102713,3,Premium-sensitive newcomers
102714,2,Stable digital loyalists
102715,0,Established value seekers
102716,3,Premium-sensitive newcomers
102717,2,Stable digital loyalists
102718,3,Premium-sensitive newcomers
102719,0,Established value seekers
102720,3,Premium-sensitive newcomers
102721,0,Established value seekers
102722,0,Established value seekers
102723,0,Established value seekers
102724,1,High-touch risk
102725,0,Established value seekers
102726,2,Stable digital loyalists
102727,3,Premium-sensitive newcomers
102728,3,Premium-sensitive newcomers
102729,0,Established value seekers
102730,2,Stable digital loyalists
102731,3,Premium-sensitive newcomers
102732,2,Stable digital loyalists
102733,0,Established value seekers
102734,1,High-touch risk
102735,2,Stable digital loyalists
102736,0,Established value seekers
102737,3,Premium-sensitive newcomers
102738,2,Stable digital loyalists
102739,0,Established value seekers
102740,2,Stable digital loyalists
102741,3,Premium-sensitive newcomers
102742,3,Premium-sensitive newcomers
102743,3,Premium-sensitive newcomers
102744,3,Premium-sensitive newcomers
102745,1,High-touch risk
102746,3,Premium-sensitive newcomers
102747,0,Established value seekers
102748,0,Established value seekers
102749,0,Established value seekers
102750,1,High-touch risk
102751,3,Premium-sensitive newcomers
102752,1,High-touch risk
102753,1,High-touch risk
102754,2,Stable digital loyalists
102755,2,Stable digital loyalists
102756,2,Stable digital loyalists
102757,2,Stable digital loyalists
102758,3,Premium-sensitive newcomers
102759,0,Established value seekers
102760,0,Established value seekers
102761,3,Premium-sensitive newcomers
102762,2,Stable digital loyalists
102763,2,Stable digital loyalists
102764,1,High-touch risk
102765,3,Premium-sensitive newcomers
102766,2,Stable digital loyalists
102767,1,High-touch risk
102768,2,Stable digital loyalists
102769,2,Stable digital loyalists
102770,0,Established value seekers
102771,0,Established value seekers
102772,1,High-touch risk
102773,3,Premium-sensitive newcomers
102774,1,High-touch risk
102775,1,High-touch risk
102776,0,Established value seekers
102777,3,Premium-sensitive newcomers
102778,0,Established value seekers
102779,0,Established value seekers
102780,3,Premium-sensitive newcomers
102781,3,Premium-sensitive newcomers
102782,2,Stable digital loyalists
102783,1,High-touch risk
102784,3,Premium-sensitive newcomers
102785,3,Premium-sensitive newcomers
102786,0,Established value seekers
102787,0,Established value seekers
102788,2,Stable digital loyalists
102789,1,High-touch risk
102790,0,Established value seekers
102791,2,Stable digital loyalists
102792,0,Established value seekers
102793,2,Stable digital loyalists
102794,0,Established value seekers
102795,3,Premium-sensitive newcomers
102796,0,Established value seekers
102797,0,Established value seekers
102798,3,Premium-sensitive newcomers
102799,2,Stable digital loyalists
102800,1,High-touch risk
102801,0,Established value seekers
102802,0,Established value seekers
102803,2,Stable digital loyalists
102804,3,Premium-sensitive newcomers
102805,3,Premium-sensitive newcomers
102806,3,Premium-sensitive newcomers
102807,1,High-touch risk
102808,3,Premium-sensitive newcomers
102809,0,Established value seekers
102810,3,Premium-sensitive newcomers
102811,3,Premium-sensitive newcomers
102812,3,Premium-sensitive newcomers
102813,3,Premium-sensitive newcomers
102814,3,Premium-sensitive newcomers
102815,1,High-touch risk
102816,3,Premium-sensitive newcomers
102817,0,Established value seekers
102818,2,Stable digital loyalists
102819,0,Established value seekers
102820,3,Premium-sensitive newcomers
102821,3,Premium-sensitive newcomers
102822,3,Premium-sensitive newcomers
102823,2,Stable digital loyalists
102824,1,High-touch risk
102825,3,Premium-sensitive newcomers
102826,1,High-touch risk
102827,1,High-touch risk
102828,2,Stable digital loyalists
102829,3,Premium-sensitive newcomers
102830,0,Established value seekers
102831,2,Stable digital loyalists
102832,1,High-touch risk
102833,3,Premium-sensitive newcomers
102834,3,Premium-sensitive newcomers
102835,3,Premium-sensitive newcomers
102836,3,Premium-sensitive newcomers
102837,2,Stable digital loyalists
102838,2,Stable digital loyalists
102839,0,Established value seekers
102840,1,High-touch risk
102841,3,Premium-sensitive newcomers
102842,2,Stable digital loyalists
102843,2,Stable digital loyalists
102844,1,High-touch risk
102845,2,Stable digital loyalists
102846,0,Established value seekers
102847,3,Premium-sensitive newcomers
102848,1,High-touch risk
102849,1,High-touch risk
102850,0,Established value seekers
102851,3,Premium-sensitive newcomers
102852,1,High-touch risk
102853,2,Stable digital loyalists
102854,0,Established value seekers
102855,2,Stable digital loyalists
102856,0,Established value seekers
102857,1,High-touch risk
102858,2,Stable digital loyalists
102859,3,Premium-sensitive newcomers
102860,0,Established value seekers
102861,0,Established value seekers
102862,2,Stable digital loyalists
102863,2,Stable digital loyalists
102864,2,Stable digital loyalists
102865,0,Established value seekers
102866,0,Established value seekers
102867,1,High-touch risk
102868,3,Premium-sensitive newcomers
102869,0,Established value seekers
102870,3,Premium-sensitive newcomers
102871,2,Stable digital loyalists
102872,1,High-touch risk
102873,3,Premium-sensitive newcomers
102874,3,Premium-sensitive newcomers
102875,2,Stable digital loyalists
102876,1,High-touch risk
102877,2,Stable digital loyalists
102878,1,High-touch risk
102879,1,High-touch risk
102880,0,Established value seekers
102881,1,High-touch risk
102882,0,Established value seekers
102883,1,High-touch risk
102884,3,Premium-sensitive newcomers
102885,3,Premium-sensitive newcomers
102886,0,Established value seekers
102887,3,Premium-sensitive newcomers
102888,0,Established value seekers
102889,0,Established value seekers
102890,1,High-touch risk
102891,0,Established value seekers
102892,0,Established value seekers
102893,1,High-touch risk
102894,3,Premium-sensitive newcomers
102895,2,Stable digital loyalists
102896,3,Premium-sensitive newcomers
102897,2,Stable digital loyalists
102898,1,High-touch risk
102899,1,High-touch risk
102900,2,Stable digital loyalists
102901,1,High-touch risk
102902,3,Premium-sensitive newcomers
102903,3,Premium-sensitive newcomers
102904,3,Premium-sensitive newcomers
102905,3,Premium-sensitive newcomers
102906,0,Established value seekers
102907,3,Premium-sensitive newcomers
102908,0,Established value seekers
102909,1,High-touch risk
102910,1,High-touch risk
102911,1,High-touch risk
102912,1,High-touch risk
102913,1,High-touch risk
102914,3,Premium-sensitive newcomers
102915,3,Premium-sensitive newcomers
102916,1,High-touch risk
102917,0,Established value seekers
102918,2,Stable digital loyalists
102919,2,Stable digital loyalists
102920,2,Stable digital loyalists
102921,1,High-touch risk
102922,3,Premium-sensitive newcomers
102923,0,Established value seekers
102924,2,Stable digital loyalists
102925,3,Premium-sensitive newcomers
102926,0,Established value seekers
102927,0,Established value seekers
102928,1,High-touch risk
102929,3,Premium-sensitive newcomers
102930,1,High-touch risk
102931,2,Stable digital loyalists
102932,3,Premium-sensitive newcomers
102933,2,Stable digital loyalists
102934,1,High-touch risk
102935,3,Premium-sensitive newcomers
102936,1,High-touch risk
102937,2,Stable digital loyalists
102938,3,Premium-sensitive newcomers
102939,0,Established value seekers
102940,3,Premium-sensitive newcomers
102941,1,High-touch risk
102942,0,Established value seekers
102943,3,Premium-sensitive newcomers
102944,2,Stable digital loyalists
102945,2,Stable digital loyalists
102946,3,Premium-sensitive newcomers
102947,1,High-touch risk
102948,3,Premium-sensitive newcomers
102949,2,Stable digital loyalists
102950,2,Stable digital loyalists
102951,2,Stable digital loyalists
102952,3,Premium-sensitive newcomers
102953,3,Premium-sensitive newcomers
102954,3,Premium-sensitive newcomers
102955,1,High-touch risk
102956,1,High-touch risk
102957,1,High-touch risk
102958,0,Established value seekers
102959,3,Premium-sensitive newcomers
102960,2,Stable digital loyalists
102961,2,Stable digital loyalists
102962,0,Established value seekers
102963,1,High-touch risk
102964,2,Stable digital loyalists
102965,1,High-touch risk
102966,0,Established value seekers
102967,1,High-touch risk
102968,3,Premium-sensitive newcomers
102969,0,Established value seekers
102970,1,High-touch risk
102971,0,Established value seekers
102972,1,High-touch risk
102973,3,Premium-sensitive newcomers
102974,2,Stable digital loyalists
102975,2,Stable digital loyalists
102976,3,Premium-sensitive newcomers
102977,2,Stable digital loyalists
102978,1,High-touch risk
102979,0,Established value seekers
102980,0,Established value seekers
102981,3,Premium-sensitive newcomers
102982,2,Stable digital loyalists
102983,0,Established value seekers
102984,0,Established value seekers
102985,1,High-touch risk
102986,0,Established value seekers
102987,1,High-touch risk
102988,3,Premium-sensitive newcomers
102989,0,Established value seekers
102990,0,Established value seekers
102991,0,Established value seekers
102992,0,Established value seekers
102993,3,Premium-sensitive newcomers
102994,0,Established value seekers
102995,2,Stable digital loyalists
102996,1,High-touch risk
102997,3,Premium-sensitive newcomers
102998,2,Stable digital loyalists
102999,1,High-touch risk
103000,1,High-touch risk
103001,0,Established value seekers
103002,3,Premium-sensitive newcomers
103003,0,Established value seekers
103004,1,High-touch risk
103005,0,Established value seekers
103006,3,Premium-sensitive newcomers
103007,3,Premium-sensitive newcomers
103008,0,Established value seekers
103009,3,Premium-sensitive newcomers
103010,0,Established value seekers
103011,2,Stable digital loyalists
103012,2,Stable digital loyalists
103013,0,Established value seekers
103014,3,Premium-sensitive newcomers
103015,2,Stable digital loyalists
103016,2,Stable digital loyalists
103017,2,Stable digital loyalists
103018,0,Established value seekers
103019,1,High-touch risk
103020,1,High-touch risk
103021,3,Premium-sensitive newcomers
103022,0,Established value seekers
103023,0,Established value seekers
103024,1,High-touch risk
103025,1,High-touch risk
103026,1,High-touch risk
103027,0,Established value seekers
103028,0,Established value seekers
103029,3,Premium-sensitive newcomers
103030,0,Established value seekers
103031,0,Established value seekers
103032,2,Stable digital loyalists
103033,3,Premium-sensitive newcomers
103034,1,High-touch risk
103035,1,High-touch risk
103036,0,Established value seekers
103037,3,Premium-sensitive newcomers
103038,3,Premium-sensitive newcomers
103039,0,Established value seekers
103040,2,Stable digital loyalists
103041,0,Established value seekers
103042,2,Stable digital loyalists
103043,2,Stable digital loyalists
103044,0,Established value seekers
103045,0,Established value seekers
103046,2,Stable digital loyalists
103047,1,High-touch risk
103048,1,High-touch risk
103049,2,Stable digital loyalists
103050,0,Established value seekers
103051,2,Stable digital loyalists
103052,1,High-touch risk
103053,1,High-touch risk
103054,3,Premium-sensitive newcomers
103055,0,Established value seekers
103056,3,Premium-sensitive newcomers
103057,0,Established value seekers
103058,0,Established value seekers
103059,3,Premium-sensitive newcomers
103060,2,Stable digital loyalists
103061,0,Established value seekers
103062,2,Stable digital loyalists
103063,3,Premium-sensitive newcomers
103064,3,Premium-sensitive newcomers
103065,1,High-touch risk
103066,3,Premium-sensitive newcomers
103067,1,High-touch risk
103068,2,Stable digital loyalists
103069,0,Established value seekers
103070,3,Premium-sensitive newcomers
103071,1,High-touch risk
103072,3,Premium-sensitive newcomers
103073,0,Established value seekers
103074,1,High-touch risk
103075,1,High-touch risk
103076,0,Established value seekers
103077,3,Premium-sensitive newcomers
103078,2,Stable digital loyalists
103079,3,Premium-sensitive newcomers
103080,1,High-touch risk
103081,0,Established value seekers
103082,3,Premium-sensitive newcomers
103083,1,High-touch risk
103084,2,Stable digital loyalists
103085,3,Premium-sensitive newcomers
103086,3,Premium-sensitive newcomers
103087,3,Premium-sensitive newcomers
103088,3,Premium-sensitive newcomers
103089,3,Premium-sensitive newcomers
103090,2,Stable digital loyalists
103091,2,Stable digital loyalists
103092,2,Stable digital loyalists
103093,2,Stable digital loyalists
103094,2,Stable digital loyalists
103095,3,Premium-sensitive newcomers
103096,0,Established value seekers
103097,1,High-touch risk
103098,1,High-touch risk
103099,1,High-touch risk
103100,2,Stable digital loyalists
103101,2,Stable digital loyalists
103102,0,Established value seekers
103103,1,High-touch risk
103104,3,Premium-sensitive newcomers
103105,3,Premium-sensitive newcomers
103106,1,High-touch risk
103107,0,Established value seekers
103108,1,High-touch risk
103109,1,High-touch risk
103110,0,Established value seekers
103111,3,Premium-sensitive newcomers
103112,1,High-touch risk
103113,3,Premium-sensitive newcomers
103114,1,High-touch risk
103115,0,Established value seekers
103116,3,Premium-sensitive newcomers
103117,0,Established value seekers
103118,3,Premium-sensitive newcomers
103119,1,High-touch risk
103120,3,Premium-sensitive newcomers
103121,1,High-touch risk
103122,3,Premium-sensitive newcomers
103123,1,High-touch risk
103124,0,Established value seekers
103125,3,Premium-sensitive newcomers
103126,1,High-touch risk
103127,2,Stable digital loyalists
103128,3,Premium-sensitive newcomers
103129,2,Stable digital loyalists
103130,3,Premium-sensitive newcomers
103131,3,Premium-sensitive newcomers
103132,3,Premium-sensitive newcomers
103133,2,Stable digital loyalists
103134,1,High-touch risk
103135,1,High-touch risk
103136,1,High-touch risk
103137,1,High-touch risk
103138,3,Premium-sensitive newcomers
103139,0,Established value seekers
103140,1,High-touch risk
103141,0,Established value seekers
103142,1,High-touch risk
103143,3,Premium-sensitive newcomers
103144,3,Premium-sensitive newcomers
103145,0,Established value seekers
103146,0,Established value seekers
103147,3,Premium-sensitive newcomers
103148,1,High-touch risk
103149,2,Stable digital loyalists
103150,3,Premium-sensitive newcomers
103151,1,High-touch risk
103152,0,Established value seekers
103153,2,Stable digital loyalists
103154,2,Stable digital loyalists
103155,0,Established value seekers
103156,3,Premium-sensitive newcomers
103157,3,Premium-sensitive newcomers
103158,3,Premium-sensitive newcomers
103159,2,Stable digital loyalists
103160,0,Established value seekers
103161,3,Premium-sensitive newcomers
103162,0,Established value seekers
103163,0,Established value seekers
103164,1,High-touch risk
103165,1,High-touch risk
103166,3,Premium-sensitive newcomers
103167,2,Stable digital loyalists
103168,0,Established value seekers
103169,2,Stable digital loyalists
103170,0,Established value seekers
103171,2,Stable digital loyalists
103172,1,High-touch risk
103173,1,High-touch risk
103174,3,Premium-sensitive newcomers
103175,3,Premium-sensitive newcomers
103176,1,High-touch risk
103177,1,High-touch risk
103178,1,High-touch risk
103179,3,Premium-sensitive newcomers
103180,3,Premium-sensitive newcomers
103181,0,Established value seekers
103182,1,High-touch risk
103183,1,High-touch risk
103184,2,Stable digital loyalists
103185,2,Stable digital loyalists
103186,2,Stable digital loyalists
103187,1,High-touch risk
103188,3,Premium-sensitive newcomers
103189,0,Established value seekers
103190,3,Premium-sensitive newcomers
103191,3,Premium-sensitive newcomers
103192,1,High-touch risk
103193,0,Established value seekers
103194,0,Established value seekers
103195,1,High-touch risk
103196,2,Stable digital loyalists
103197,3,Premium-sensitive newcomers
103198,0,Established value seekers
103199,3,Premium-sensitive newcomers
103200,1,High-touch risk
103201,2,Stable digital loyalists
103202,2,Stable digital loyalists
103203,1,High-touch risk
103204,0,Established value seekers
103205,3,Premium-sensitive newcomers
103206,3,Premium-sensitive newcomers
103207,2,Stable digital loyalists
103208,3,Premium-sensitive newcomers
103209,2,Stable digital loyalists
103210,3,Premium-sensitive newcomers
103211,1,High-touch risk
103212,3,Premium-sensitive newcomers
103213,0,Established value seekers
103214,0,Established value seekers
103215,0,Established value seekers
103216,1,High-touch risk
103217,3,Premium-sensitive newcomers
103218,2,Stable digital loyalists
103219,1,High-touch risk
103220,2,Stable digital loyalists
103221,1,High-touch risk
103222,3,Premium-sensitive newcomers
103223,3,Premium-sensitive newcomers
103224,0,Established value seekers
103225,0,Established value seekers
103226,0,Established value seekers
103227,0,Established value seekers
103228,1,High-touch risk
103229,3,Premium-sensitive newcomers
103230,2,Stable digital loyalists
103231,2,Stable digital loyalists
103232,3,Premium-sensitive newcomers
103233,3,Premium-sensitive newcomers
103234,3,Premium-sensitive newcomers
103235,0,Established value seekers
103236,2,Stable digital loyalists
103237,2,Stable digital loyalists
103238,3,Premium-sensitive newcomers
103239,1,High-touch risk
103240,0,Established value seekers
103241,3,Premium-sensitive newcomers
103242,1,High-touch risk
103243,0,Established value seekers
103244,2,Stable digital loyalists
103245,2,Stable digital loyalists
103246,2,Stable digital loyalists
103247,0,Established value seekers
103248,1,High-touch risk
103249,0,Established value seekers
103250,3,Premium-sensitive newcomers
103251,3,Premium-sensitive newcomers
103252,3,Premium-sensitive newcomers
103253,3,Premium-sensitive newcomers
103254,3,Premium-sensitive newcomers
103255,3,Premium-sensitive newcomers
103256,1,High-touch risk
103257,2,Stable digital loyalists
103258,0,Established value seekers
103259,2,Stable digital loyalists
103260,0,Established value seekers
103261,2,Stable digital loyalists
103262,1,High-touch risk
103263,0,Established value seekers
103264,3,Premium-sensitive newcomers
103265,2,Stable digital loyalists
103266,1,High-touch risk
103267,3,Premium-sensitive newcomers
103268,1,High-touch risk
103269,1,High-touch risk
103270,1,High-touch risk
103271,3,Premium-sensitive newcomers
103272,0,Established value seekers
103273,0,Established value seekers
103274,2,Stable digital loyalists
103275,0,Established value seekers
103276,1,High-touch risk
103277,2,Stable digital loyalists
103278,1,High-touch risk
103279,0,Established value seekers
103280,2,Stable digital loyalists
103281,3,Premium-sensitive newcomers
103282,0,Established value seekers
103283,3,Premium-sensitive newcomers
103284,1,High-touch risk
103285,3,Premium-sensitive newcomers
103286,0,Established value seekers
103287,0,Established value seekers
103288,1,High-touch risk
103289,0,Established value seekers
103290,3,Premium-sensitive newcomers
103291,3,Premium-sensitive newcomers
103292,3,Premium-sensitive newcomers
103293,1,High-touch risk
103294,1,High-touch risk
103295,0,Established value seekers
103296,3,Premium-sensitive newcomers
103297,3,Premium-sensitive newcomers
103298,0,Established value seekers
103299,1,High-touch risk
103300,3,Premium-sensitive newcomers
103301,3,Premium-sensitive newcomers
103302,2,Stable digital loyalists
103303,2,Stable digital loyalists
103304,3,Premium-sensitive newcomers
103305,1,High-touch risk
103306,3,Premium-sensitive newcomers
103307,1,High-touch risk
103308,0,Established value seekers
103309,3,Premium-sensitive newcomers
103310,3,Premium-sensitive newcomers
103311,1,High-touch risk
103312,1,High-touch risk
103313,1,High-touch risk
103314,2,Stable digital loyalists
103315,0,Established value seekers
103316,1,High-touch risk
103317,0,Established value seekers
103318,0,Established value seekers
103319,1,High-touch risk
103320,3,Premium-sensitive newcomers
103321,2,Stable digital loyalists
103322,2,Stable digital loyalists
103323,3,Premium-sensitive newcomers
103324,0,Established value seekers
103325,0,Established value seekers
103326,3,Premium-sensitive newcomers
103327,3,Premium-sensitive newcomers
103328,1,High-touch risk
103329,2,Stable digital loyalists
103330,1,High-touch risk
103331,1,High-touch risk
103332,2,Stable digital loyalists
103333,0,Established value seekers
103334,3,Premium-sensitive newcomers
103335,2,Stable digital loyalists
103336,1,High-touch risk
103337,1,High-touch risk
103338,3,Premium-sensitive newcomers
103339,1,High-touch risk
103340,3,Premium-sensitive newcomers
103341,1,High-touch risk
103342,3,Premium-sensitive newcomers
103343,0,Established value seekers
103344,2,Stable digital loyalists
103345,2,Stable digital loyalists
103346,2,Stable digital loyalists
103347,1,High-touch risk
103348,0,Established value seekers
103349,1,High-touch risk
103350,1,High-touch risk
103351,3,Premium-sensitive newcomers
103352,3,Premium-sensitive newcomers
103353,0,Established value seekers
103354,0,Established value seekers
103355,0,Established value seekers
103356,0,Established value seekers
103357,2,Stable digital loyalists
103358,3,Premium-sensitive newcomers
103359,3,Premium-sensitive newcomers
103360,2,Stable digital loyalists
103361,0,Established value seekers
103362,3,Premium-sensitive newcomers
103363,2,Stable digital loyalists
103364,2,Stable digital loyalists
103365,2,Stable digital loyalists
103366,2,Stable digital loyalists
103367,0,Established value seekers
103368,2,Stable digital loyalists
103369,1,High-touch risk
103370,1,High-touch risk
103371,3,Premium-sensitive newcomers
103372,0,Established value seekers
103373,3,Premium-sensitive newcomers
103374,0,Established value seekers
103375,2,Stable digital loyalists
103376,0,Established value seekers
103377,2,Stable digital loyalists
103378,0,Established value seekers
103379,0,Established value seekers
103380,0,Established value seekers
103381,3,Premium-sensitive newcomers
103382,0,Established value seekers
103383,2,Stable digital loyalists
103384,3,Premium-sensitive newcomers
103385,3,Premium-sensitive newcomers
103386,1,High-touch risk
103387,1,High-touch risk
103388,3,Premium-sensitive newcomers
103389,1,High-touch risk
103390,2,Stable digital loyalists
103391,1,High-touch risk
103392,0,Established value seekers
103393,2,Stable digital loyalists
103394,1,High-touch risk
103395,2,Stable digital loyalists
103396,2,Stable digital loyalists
103397,1,High-touch risk
103398,3,Premium-sensitive newcomers
103399,2,Stable digital loyalists
103400,1,High-touch risk
103401,2,Stable digital loyalists
103402,2,Stable digital loyalists
103403,1,High-touch risk
103404,3,Premium-sensitive newcomers
103405,3,Premium-sensitive newcomers
103406,3,Premium-sensitive newcomers
103407,2,Stable digital loyalists
103408,2,Stable digital loyalists
103409,1,High-touch risk
103410,1,High-touch risk
103411,0,Established value seekers
103412,1,High-touch risk
103413,2,Stable digital loyalists
103414,1,High-touch risk
103415,0,Established value seekers
103416,0,Established value seekers
103417,0,Established value seekers
103418,0,Established value seekers
103419,2,Stable digital loyalists
103420,3,Premium-sensitive newcomers
103421,1,High-touch risk
103422,3,Premium-sensitive newcomers
103423,1,High-touch risk
103424,2,Stable digital loyalists
103425,3,Premium-sensitive newcomers
103426,3,Premium-sensitive newcomers
103427,1,High-touch risk
103428,3,Premium-sensitive newcomers
103429,3,Premium-sensitive newcomers
103430,0,Established value seekers
103431,1,High-touch risk
103432,2,Stable digital loyalists
103433,0,Established value seekers
103434,3,Premium-sensitive newcomers
103435,1,High-touch risk
103436,3,Premium-sensitive newcomers
103437,0,Established value seekers
103438,0,Established value seekers
103439,1,High-touch risk
103440,2,Stable digital loyalists
103441,2,Stable digital loyalists
103442,2,Stable digital loyalists
103443,3,Premium-sensitive newcomers
103444,0,Established value seekers
103445,0,Established value seekers
103446,3,Premium-sensitive newcomers
103447,1,High-touch risk
103448,0,Established value seekers
103449,2,Stable digital loyalists
103450,2,Stable digital loyalists
103451,2,Stable digital loyalists
103452,1,High-touch risk
103453,2,Stable digital loyalists
103454,3,Premium-sensitive newcomers
103455,1,High-touch risk
103456,1,High-touch risk
103457,3,Premium-sensitive newcomers
103458,3,Premium-sensitive newcomers
103459,3,Premium-sensitive newcomers
103460,3,Premium-sensitive newcomers
103461,0,Established value seekers
103462,2,Stable digital loyalists
103463,1,High-touch risk
103464,2,Stable digital loyalists
103465,0,Established value seekers
103466,0,Established value seekers
103467,0,Established value seekers
103468,1,High-touch risk
103469,2,Stable digital loyalists
103470,1,High-touch risk
103471,3,Premium-sensitive newcomers
103472,2,Stable digital loyalists
103473,3,Premium-sensitive newcomers
103474,0,Established value seekers
103475,2,Stable digital loyalists
103476,2,Stable digital loyalists
103477,0,Established value seekers
103478,3,Premium-sensitive newcomers
103479,1,High-touch risk
103480,1,High-touch risk
103481,0,Established value seekers
103482,3,Premium-sensitive newcomers
103483,0,Established value seekers
103484,1,High-touch risk
103485,0,Established value seekers
103486,2,Stable digital loyalists
103487,2,Stable digital loyalists
103488,3,Premium-sensitive newcomers
103489,0,Established value seekers
103490,1,High-touch risk
103491,3,Premium-sensitive newcomers
103492,3,Premium-sensitive newcomers
103493,3,Premium-sensitive newcomers
103494,0,Established value seekers
103495,3,Premium-sensitive newcomers
103496,3,Premium-sensitive newcomers
103497,0,Established value seekers
103498,2,Stable digital loyalists
103499,1,High-touch risk
103500,1,High-touch risk
103501,2,Stable digital loyalists
103502,3,Premium-sensitive newcomers
103503,2,Stable digital loyalists
103504,2,Stable digital loyalists
103505,1,High-touch risk
103506,0,Established value seekers
103507,3,Premium-sensitive newcomers
103508,1,High-touch risk
103509,3,Premium-sensitive newcomers
103510,2,Stable digital loyalists
103511,3,Premium-sensitive newcomers
103512,1,High-touch risk
103513,0,Established value seekers
103514,1,High-touch risk
103515,3,Premium-sensitive newcomers
103516,2,Stable digital loyalists
103517,2,Stable digital loyalists
103518,3,Premium-sensitive newcomers
103519,3,Premium-sensitive newcomers
103520,2,Stable digital loyalists
103521,1,High-touch risk
103522,0,Established value seekers
103523,0,Established value seekers
103524,3,Premium-sensitive newcomers
103525,1,High-touch risk
103526,2,Stable digital loyalists
103527,2,Stable digital loyalists
103528,0,Established value seekers
103529,3,Premium-sensitive newcomers
103530,2,Stable digital loyalists
103531,1,High-touch risk
103532,1,High-touch risk
103533,0,Established value seekers
103534,2,Stable digital loyalists
103535,2,Stable digital loyalists
103536,2,Stable digital loyalists
103537,3,Premium-sensitive newcomers
103538,0,Established value seekers
103539,3,Premium-sensitive newcomers
103540,3,Premium-sensitive newcomers
103541,1,High-touch risk
103542,0,Established value seekers
103543,1,High-touch risk
103544,2,Stable digital loyalists
103545,3,Premium-sensitive newcomers
103546,1,High-touch risk
103547,0,Established value seekers
103548,0,Established value seekers
103549,0,Established value seekers
103550,3,Premium-sensitive newcomers
103551,1,High-touch risk
103552,3,Premium-sensitive newcomers
103553,2,Stable digital loyalists
103554,1,High-touch risk
103555,0,Established value seekers
103556,0,Established value seekers
103557,2,Stable digital loyalists
103558,1,High-touch risk
103559,0,Established value seekers
103560,3,Premium-sensitive newcomers
103561,1,High-touch risk
103562,3,Premium-sensitive newcomers
103563,3,Premium-sensitive newcomers
103564,1,High-touch risk
103565,2,Stable digital loyalists
103566,0,Established value seekers
103567,2,Stable digital loyalists
103568,1,High-touch risk
103569,0,Established value seekers
103570,0,Established value seekers
103571,2,Stable digital loyalists
103572,2,Stable digital loyalists
103573,0,Established value seekers
103574,0,Established value seekers
103575,2,Stable digital loyalists
103576,0,Established value seekers
103577,1,High-touch risk
103578,2,Stable digital loyalists
103579,1,High-touch risk
103580,0,Established value seekers
103581,1,High-touch risk
103582,0,Established value seekers
103583,0,Established value seekers
103584,2,Stable digital loyalists
103585,1,High-touch risk
103586,0,Established value seekers
103587,0,Established value seekers
103588,0,Established value seekers
103589,1,High-touch risk
103590,3,Premium-sensitive newcomers
103591,3,Premium-sensitive newcomers
103592,3,Premium-sensitive newcomers
103593,3,Premium-sensitive newcomers
103594,1,High-touch risk
103595,2,Stable digital loyalists
103596,2,Stable digital loyalists
103597,2,Stable digital loyalists
103598,0,Established value seekers
103599,0,Established value seekers
103600,3,Premium-sensitive newcomers
103601,0,Established value seekers
103602,1,High-touch risk
103603,3,Premium-sensitive newcomers
103604,0,Established value seekers
103605,0,Established value seekers
103606,1,High-touch risk
103607,0,Established value seekers
103608,0,Established value seekers
103609,3,Premium-sensitive newcomers
103610,3,Premium-sensitive newcomers
103611,3,Premium-sensitive newcomers
103612,2,Stable digital loyalists
103613,3,Premium-sensitive newcomers
103614,1,High-touch risk
103615,3,Premium-sensitive newcomers
103616,3,Premium-sensitive newcomers
103617,1,High-touch risk
103618,0,Established value seekers
103619,2,Stable digital loyalists
103620,3,Premium-sensitive newcomers
103621,0,Established value seekers
103622,3,Premium-sensitive newcomers
103623,1,High-touch risk
103624,1,High-touch risk
103625,0,Established value seekers
103626,3,Premium-sensitive newcomers
103627,2,Stable digital loyalists
103628,2,Stable digital loyalists
103629,3,Premium-sensitive newcomers
103630,3,Premium-sensitive newcomers
103631,3,Premium-sensitive newcomers
103632,1,High-touch risk
103633,1,High-touch risk
103634,0,Established value seekers
103635,0,Established value seekers
103636,0,Established value seekers
103637,0,Established value seekers
103638,3,Premium-sensitive newcomers
103639,3,Premium-sensitive newcomers
103640,3,Premium-sensitive newcomers
103641,1,High-touch risk
103642,1,High-touch risk
103643,3,Premium-sensitive newcomers
103644,3,Premium-sensitive newcomers
103645,1,High-touch risk
103646,0,Established value seekers
103647,0,Established value seekers
103648,3,Premium-sensitive newcomers
103649,2,Stable digital loyalists
103650,2,Stable digital loyalists
103651,1,High-touch risk
103652,1,High-touch risk
103653,3,Premium-sensitive newcomers
103654,2,Stable digital loyalists
103655,3,Premium-sensitive newcomers
103656,3,Premium-sensitive newcomers
103657,1,High-touch risk
103658,1,High-touch risk
103659,3,Premium-sensitive newcomers
103660,2,Stable digital loyalists
103661,0,Established value seekers
103662,2,Stable digital loyalists
103663,3,Premium-sensitive newcomers
103664,2,Stable digital loyalists
103665,1,High-touch risk
103666,2,Stable digital loyalists
103667,0,Established value seekers
103668,3,Premium-sensitive newcomers
103669,1,High-touch risk
103670,0,Established value seekers
103671,3,Premium-sensitive newcomers
103672,3,Premium-sensitive newcomers
103673,1,High-touch risk
103674,2,Stable digital loyalists
103675,3,Premium-sensitive newcomers
103676,2,Stable digital loyalists
103677,3,Premium-sensitive newcomers
103678,3,Premium-sensitive newcomers
103679,2,Stable digital loyalists
103680,3,Premium-sensitive newcomers
103681,1,High-touch risk
103682,0,Established value seekers
103683,1,High-touch risk
103684,0,Established value seekers
103685,3,Premium-sensitive newcomers
103686,0,Established value seekers
103687,0,Established value seekers
103688,2,Stable digital loyalists
103689,3,Premium-sensitive newcomers
103690,2,Stable digital loyalists
103691,2,Stable digital loyalists
103692,0,Established value seekers
103693,2,Stable digital loyalists
103694,0,Established value seekers
103695,2,Stable digital loyalists
103696,0,Established value seekers
103697,0,Established value seekers
103698,2,Stable digital loyalists
103699,0,Established value seekers
103700,2,Stable digital loyalists
103701,2,Stable digital loyalists
103702,3,Premium-sensitive newcomers
103703,1,High-touch risk
103704,0,Established value seekers
103705,1,High-touch risk
103706,3,Premium-sensitive newcomers
103707,3,Premium-sensitive newcomers
103708,1,High-touch risk
103709,3,Premium-sensitive newcomers
103710,0,Established value seekers
103711,3,Premium-sensitive newcomers
103712,0,Established value seekers
103713,0,Established value seekers
103714,1,High-touch risk
103715,2,Stable digital loyalists
103716,2,Stable digital loyalists
103717,0,Established value seekers
103718,3,Premium-sensitive newcomers
103719,0,Established value seekers
103720,3,Premium-sensitive newcomers
103721,0,Established value seekers
103722,1,High-touch risk
103723,0,Established value seekers
103724,0,Established value seekers
103725,0,Established value seekers
103726,2,Stable digital loyalists
103727,3,Premium-sensitive newcomers
103728,3,Premium-sensitive newcomers
103729,1,High-touch risk
103730,3,Premium-sensitive newcomers
103731,3,Premium-sensitive newcomers
103732,2,Stable digital loyalists
103733,0,Established value seekers
103734,0,Established value seekers
103735,2,Stable digital loyalists
103736,0,Established value seekers
103737,0,Established value seekers
103738,3,Premium-sensitive newcomers
103739,2,Stable digital loyalists
103740,2,Stable digital loyalists
103741,0,Established value seekers
103742,3,Premium-sensitive newcomers
103743,2,Stable digital loyalists
103744,2,Stable digital loyalists
103745,3,Premium-sensitive newcomers
103746,1,High-touch risk
103747,3,Premium-sensitive newcomers
103748,1,High-touch risk
103749,3,Premium-sensitive newcomers
103750,1,High-touch risk
103751,2,Stable digital loyalists
103752,0,Established value seekers
103753,2,Stable digital loyalists
103754,2,Stable digital loyalists
103755,1,High-touch risk
103756,2,Stable digital loyalists
103757,3,Premium-sensitive newcomers
103758,1,High-touch risk
103759,0,Established value seekers
103760,3,Premium-sensitive newcomers
103761,3,Premium-sensitive newcomers
103762,0,Established value seekers
103763,0,Established value seekers
103764,3,Premium-sensitive newcomers
103765,1,High-touch risk
103766,2,Stable digital loyalists
103767,0,Established value seekers
103768,2,Stable digital loyalists
103769,1,High-touch risk
103770,3,Premium-sensitive newcomers
103771,0,Established value seekers
103772,1,High-touch risk
103773,1,High-touch risk
103774,3,Premium-sensitive newcomers
103775,2,Stable digital loyalists
103776,1,High-touch risk
103777,0,Established value seekers
103778,0,Established value seekers
103779,0,Established value seekers
103780,0,Established value seekers
103781,0,Established value seekers
103782,2,Stable digital loyalists
103783,2,Stable digital loyalists
103784,3,Premium-sensitive newcomers
103785,2,Stable digital loyalists
103786,3,Premium-sensitive newcomers
103787,1,High-touch risk
103788,1,High-touch risk
103789,2,Stable digital loyalists
103790,3,Premium-sensitive newcomers
103791,1,High-touch risk
103792,0,Established value seekers
103793,1,High-touch risk
103794,1,High-touch risk
103795,3,Premium-sensitive newcomers
103796,3,Premium-sensitive newcomers
103797,3,Premium-sensitive newcomers
103798,3,Premium-sensitive newcomers
103799,3,Premium-sensitive newcomers
103800,2,Stable digital loyalists
103801,3,Premium-sensitive newcomers
103802,2,Stable digital loyalists
103803,2,Stable digital loyalists
103804,1,High-touch risk
103805,2,Stable digital loyalists
103806,1,High-touch risk
103807,2,Stable digital loyalists
103808,1,High-touch risk
103809,1,High-touch risk
103810,0,Established value seekers
103811,0,Established value seekers
103812,1,High-touch risk
103813,0,Established value seekers
103814,2,Stable digital loyalists
103815,2,Stable digital loyalists
103816,2,Stable digital loyalists
103817,3,Premium-sensitive newcomers
103818,0,Established value seekers
103819,1,High-touch risk
103820,0,Established value seekers
103821,1,High-touch risk
103822,0,Established value seekers
103823,1,High-touch risk
103824,1,High-touch risk
103825,3,Premium-sensitive newcomers
103826,0,Established value seekers
103827,2,Stable digital loyalists
103828,1,High-touch risk
103829,1,High-touch risk
103830,3,Premium-sensitive newcomers
103831,2,Stable digital loyalists
103832,1,High-touch risk
103833,1,High-touch risk
103834,3,Premium-sensitive newcomers
103835,2,Stable digital loyalists
103836,3,Premium-sensitive newcomers
103837,2,Stable digital loyalists
103838,3,Premium-sensitive newcomers
103839,1,High-touch risk
103840,0,Established value seekers
103841,0,Established value seekers
103842,1,High-touch risk
103843,3,Premium-sensitive newcomers
103844,2,Stable digital loyalists
103845,1,High-touch risk
103846,1,High-touch risk
103847,1,High-touch risk
103848,2,Stable digital loyalists
103849,3,Premium-sensitive newcomers
103850,0,Established value seekers
103851,2,Stable digital loyalists
103852,2,Stable digital loyalists
103853,2,Stable digital loyalists
103854,3,Premium-sensitive newcomers
103855,1,High-touch risk
103856,2,Stable digital loyalists
103857,2,Stable digital loyalists
103858,0,Established value seekers
103859,1,High-touch risk
103860,0,Established value seekers
103861,0,Established value seekers
103862,3,Premium-sensitive newcomers
103863,1,High-touch risk
103864,0,Established value seekers
103865,3,Premium-sensitive newcomers
103866,0,Established value seekers
103867,0,Established value seekers
103868,1,High-touch risk
103869,0,Established value seekers
103870,3,Premium-sensitive newcomers
103871,3,Premium-sensitive newcomers
103872,0,Established value seekers
103873,0,Established value seekers
103874,3,Premium-sensitive newcomers
103875,1,High-touch risk
103876,3,Premium-sensitive newcomers
103877,1,High-touch risk
103878,3,Premium-sensitive newcomers
103879,3,Premium-sensitive newcomers
103880,0,Established value seekers
103881,1,High-touch risk
103882,3,Premium-sensitive newcomers
103883,0,Established value seekers
103884,1,High-touch risk
103885,2,Stable digital loyalists
103886,2,Stable digital loyalists
103887,2,Stable digital loyalists
103888,1,High-touch risk
103889,0,Established value seekers
103890,3,Premium-sensitive newcomers
103891,3,Premium-sensitive newcomers
103892,3,Premium-sensitive newcomers
103893,2,Stable digital loyalists
103894,3,Premium-sensitive newcomers
103895,3,Premium-sensitive newcomers
103896,1,High-touch risk
103897,0,Established value seekers
103898,3,Premium-sensitive newcomers
103899,1,High-touch risk
103900,2,Stable digital loyalists
103901,3,Premium-sensitive newcomers
103902,2,Stable digital loyalists
103903,1,High-touch risk
103904,3,Premium-sensitive newcomers
103905,0,Established value seekers
103906,1,High-touch risk
103907,1,High-touch risk
103908,2,Stable digital loyalists
103909,2,Stable digital loyalists
103910,1,High-touch risk
103911,0,Established value seekers
103912,3,Premium-sensitive newcomers
103913,2,Stable digital loyalists
103914,2,Stable digital loyalists
103915,1,High-touch risk
103916,0,Established value seekers
103917,0,Established value seekers
103918,2,Stable digital loyalists
103919,0,Established value seekers
103920,0,Established value seekers
103921,3,Premium-sensitive newcomers
103922,3,Premium-sensitive newcomers
103923,2,Stable digital loyalists
103924,3,Premium-sensitive newcomers
103925,1,High-touch risk
103926,0,Established value seekers
103927,2,Stable digital loyalists
103928,1,High-touch risk
103929,0,Established value seekers
103930,3,Premium-sensitive newcomers
103931,1,High-touch risk
103932,2,Stable digital loyalists
103933,3,Premium-sensitive newcomers
103934,3,Premium-sensitive newcomers
103935,2,Stable digital loyalists
103936,3,Premium-sensitive newcomers
103937,0,Established value seekers
103938,1,High-touch risk
103939,3,Premium-sensitive newcomers
103940,3,Premium-sensitive newcomers
103941,0,Established value seekers
103942,3,Premium-sensitive newcomers
103943,2,Stable digital loyalists
103944,1,High-touch risk
103945,2,Stable digital loyalists
103946,3,Premium-sensitive newcomers
103947,0,Established value seekers
103948,3,Premium-sensitive newcomers
103949,1,High-touch risk
103950,3,Premium-sensitive newcomers
103951,1,High-touch risk
103952,0,Established value seekers
103953,1,High-touch risk
103954,3,Premium-sensitive newcomers
103955,3,Premium-sensitive newcomers
103956,1,High-touch risk
103957,3,Premium-sensitive newcomers
103958,3,Premium-sensitive newcomers
103959,1,High-touch risk
103960,0,Established value seekers
103961,0,Established value seekers
103962,3,Premium-sensitive newcomers
103963,1,High-touch risk
103964,0,Established value seekers
103965,1,High-touch risk
103966,0,Established value seekers
103967,1,High-touch risk
103968,1,High-touch risk
103969,3,Premium-sensitive newcomers
103970,0,Established value seekers
103971,3,Premium-sensitive newcomers
103972,3,Premium-sensitive newcomers
103973,3,Premium-sensitive newcomers
103974,1,High-touch risk
103975,2,Stable digital loyalists
103976,3,Premium-sensitive newcomers
103977,1,High-touch risk
103978,3,Premium-sensitive newcomers
103979,0,Established value seekers
103980,3,Premium-sensitive newcomers
103981,0,Established value seekers
103982,0,Established value seekers
103983,2,Stable digital loyalists
103984,2,Stable digital loyalists
103985,0,Established value seekers
103986,1,High-touch risk
103987,3,Premium-sensitive newcomers
103988,2,Stable digital loyalists
103989,3,Premium-sensitive newcomers
103990,1,High-touch risk
103991,3,Premium-sensitive newcomers
103992,3,Premium-sensitive newcomers
103993,1,High-touch risk
103994,0,Established value seekers
103995,3,Premium-sensitive newcomers
103996,1,High-touch risk
103997,2,Stable digital loyalists
103998,1,High-touch risk
103999,2,Stable digital loyalists
104000,1,High-touch risk
104001,2,Stable digital loyalists
104002,3,Premium-sensitive newcomers
104003,0,Established value seekers
104004,0,Established value seekers
104005,0,Established value seekers
104006,3,Premium-sensitive newcomers
104007,3,Premium-sensitive newcomers
104008,1,High-touch risk
104009,1,High-touch risk
104010,3,Premium-sensitive newcomers
104011,2,Stable digital loyalists
104012,2,Stable digital loyalists
104013,0,Established value seekers
104014,3,Premium-sensitive newcomers
104015,2,Stable digital loyalists
104016,1,High-touch risk
104017,3,Premium-sensitive newcomers
104018,1,High-touch risk
104019,3,Premium-sensitive newcomers
104020,1,High-touch risk
104021,3,Premium-sensitive newcomers
104022,2,Stable digital loyalists
104023,2,Stable digital loyalists
104024,0,Established value seekers
104025,2,Stable digital loyalists
104026,0,Established value seekers
104027,3,Premium-sensitive newcomers
104028,1,High-touch risk
104029,0,Established value seekers
104030,1,High-touch risk
104031,3,Premium-sensitive newcomers
104032,3,Premium-sensitive newcomers
104033,0,Established value seekers
104034,1,High-touch risk
104035,3,Premium-sensitive newcomers
104036,3,Premium-sensitive newcomers
104037,1,High-touch risk
104038,3,Premium-sensitive newcomers
104039,1,High-touch risk
104040,0,Established value seekers
104041,2,Stable digital loyalists
104042,0,Established value seekers
104043,3,Premium-sensitive newcomers
104044,3,Premium-sensitive newcomers
104045,2,Stable digital loyalists
104046,0,Established value seekers
104047,2,Stable digital loyalists
104048,0,Established value seekers
104049,1,High-touch risk
104050,3,Premium-sensitive newcomers
104051,0,Established value seekers
104052,2,Stable digital loyalists
104053,3,Premium-sensitive newcomers
104054,1,High-touch risk
104055,0,Established value seekers
104056,1,High-touch risk
104057,1,High-touch risk
104058,1,High-touch risk
104059,3,Premium-sensitive newcomers
104060,0,Established value seekers
104061,3,Premium-sensitive newcomers
104062,0,Established value seekers
104063,3,Premium-sensitive newcomers
104064,1,High-touch risk
104065,3,Premium-sensitive newcomers
104066,0,Established value seekers
104067,0,Established value seekers
104068,2,Stable digital loyalists
104069,0,Established value seekers
104070,0,Established value seekers
104071,3,Premium-sensitive newcomers
104072,1,High-touch risk
104073,2,Stable digital loyalists
104074,0,Established value seekers
104075,3,Premium-sensitive newcomers
104076,0,Established value seekers
104077,0,Established value seekers
104078,2,Stable digital loyalists
104079,3,Premium-sensitive newcomers
104080,0,Established value seekers
104081,0,Established value seekers
104082,3,Premium-sensitive newcomers
104083,0,Established value seekers
104084,0,Established value seekers
104085,3,Premium-sensitive newcomers
104086,1,High-touch risk
104087,0,Established value seekers
104088,1,High-touch risk
104089,3,Premium-sensitive newcomers
104090,2,Stable digital loyalists
104091,2,Stable digital loyalists
104092,2,Stable digital loyalists
104093,3,Premium-sensitive newcomers
104094,1,High-touch risk
104095,2,Stable digital loyalists
104096,3,Premium-sensitive newcomers
104097,1,High-touch risk
104098,3,Premium-sensitive newcomers
104099,1,High-touch risk
104100,2,Stable digital loyalists
104101,2,Stable digital loyalists
104102,2,Stable digital loyalists
104103,3,Premium-sensitive newcomers
104104,1,High-touch risk
104105,0,Established value seekers
104106,2,Stable digital loyalists
104107,0,Established value seekers
104108,2,Stable digital loyalists
104109,3,Premium-sensitive newcomers
104110,3,Premium-sensitive newcomers
104111,0,Established value seekers
104112,0,Established value seekers
104113,2,Stable digital loyalists
104114,3,Premium-sensitive newcomers
104115,3,Premium-sensitive newcomers
104116,2,Stable digital loyalists
104117,3,Premium-sensitive newcomers
104118,1,High-touch risk
104119,1,High-touch risk
104120,1,High-touch risk
104121,1,High-touch risk
104122,3,Premium-sensitive newcomers
104123,2,Stable digital loyalists
104124,0,Established value seekers
104125,1,High-touch risk
104126,0,Established value seekers
104127,1,High-touch risk
104128,0,Established value seekers
104129,0,Established value seekers
104130,2,Stable digital loyalists
104131,3,Premium-sensitive newcomers
104132,0,Established value seekers
104133,3,Premium-sensitive newcomers
104134,2,Stable digital loyalists
104135,2,Stable digital loyalists
104136,2,Stable digital loyalists
104137,2,Stable digital loyalists
104138,3,Premium-sensitive newcomers
104139,1,High-touch risk
104140,1,High-touch risk
104141,2,Stable digital loyalists
104142,0,Established value seekers
104143,1,High-touch risk
104144,3,Premium-sensitive newcomers
104145,2,Stable digital loyalists
104146,2,Stable digital loyalists
104147,3,Premium-sensitive newcomers
104148,1,High-touch risk
104149,0,Established value seekers
104150,3,Premium-sensitive newcomers
104151,2,Stable digital loyalists
104152,2,Stable digital loyalists
104153,3,Premium-sensitive newcomers
104154,1,High-touch risk
104155,2,Stable digital loyalists
104156,3,Premium-sensitive newcomers
104157,2,Stable digital loyalists
104158,3,Premium-sensitive newcomers
104159,2,Stable digital loyalists
104160,2,Stable digital loyalists
104161,3,Premium-sensitive newcomers
104162,0,Established value seekers
104163,2,Stable digital loyalists
104164,3,Premium-sensitive newcomers
104165,1,High-touch risk
104166,3,Premium-sensitive newcomers
104167,2,Stable digital loyalists
104168,1,High-touch risk
104169,0,Established value seekers
104170,0,Established value seekers
104171,0,Established value seekers
104172,3,Premium-sensitive newcomers
104173,1,High-touch risk
104174,0,Established value seekers
104175,3,Premium-sensitive newcomers
104176,3,Premium-sensitive newcomers
104177,2,Stable digital loyalists
104178,3,Premium-sensitive newcomers
104179,1,High-touch risk
104180,3,Premium-sensitive newcomers
104181,3,Premium-sensitive newcomers
104182,0,Established value seekers
104183,1,High-touch risk
104184,0,Established value seekers
104185,0,Established value seekers
104186,2,Stable digital loyalists
104187,0,Established value seekers
104188,2,Stable digital loyalists
104189,3,Premium-sensitive newcomers
104190,1,High-touch risk
104191,1,High-touch risk
104192,1,High-touch risk
104193,2,Stable digital loyalists
104194,0,Established value seekers
104195,0,Established value seekers
104196,1,High-touch risk
104197,0,Established value seekers
104198,3,Premium-sensitive newcomers
104199,0,Established value seekers
104200,3,Premium-sensitive newcomers
104201,3,Premium-sensitive newcomers
104202,3,Premium-sensitive newcomers
104203,1,High-touch risk
104204,2,Stable digital loyalists
104205,2,Stable digital loyalists
104206,1,High-touch risk
104207,1,High-touch risk
104208,3,Premium-sensitive newcomers
104209,1,High-touch risk
104210,2,Stable digital loyalists
104211,2,Stable digital loyalists
104212,3,Premium-sensitive newcomers
104213,1,High-touch risk
104214,0,Established value seekers
104215,2,Stable digital loyalists
104216,1,High-touch risk
104217,2,Stable digital loyalists
104218,0,Established value seekers
104219,1,High-touch risk
104220,0,Established value seekers
104221,3,Premium-sensitive newcomers
104222,3,Premium-sensitive newcomers
104223,3,Premium-sensitive newcomers
104224,2,Stable digital loyalists
104225,0,Established value seekers
104226,3,Premium-sensitive newcomers
104227,1,High-touch risk
104228,1,High-touch risk
104229,0,Established value seekers
104230,1,High-touch risk
104231,2,Stable digital loyalists
104232,1,High-touch risk
104233,0,Established value seekers
104234,0,Established value seekers
104235,3,Premium-sensitive newcomers
104236,3,Premium-sensitive newcomers
104237,1,High-touch risk
104238,2,Stable digital loyalists
104239,0,Established value seekers
104240,1,High-touch risk
104241,0,Established value seekers
104242,3,Premium-sensitive newcomers
104243,1,High-touch risk
104244,3,Premium-sensitive newcomers
104245,2,Stable digital loyalists
104246,0,Established value seekers
104247,2,Stable digital loyalists
104248,1,High-touch risk
104249,3,Premium-sensitive newcomers
104250,0,Established value seekers
104251,0,Established value seekers
104252,3,Premium-sensitive newcomers
104253,3,Premium-sensitive newcomers
104254,1,High-touch risk
104255,1,High-touch risk
104256,1,High-touch risk
104257,1,High-touch risk
104258,1,High-touch risk
104259,0,Established value seekers
104260,1,High-touch risk
104261,2,Stable digital loyalists
104262,2,Stable digital loyalists
104263,3,Premium-sensitive newcomers
104264,2,Stable digital loyalists
104265,1,High-touch risk
104266,3,Premium-sensitive newcomers
104267,1,High-touch risk
104268,3,Premium-sensitive newcomers
104269,0,Established value seekers
104270,1,High-touch risk
104271,0,Established value seekers
104272,1,High-touch risk
104273,2,Stable digital loyalists
104274,3,Premium-sensitive newcomers
104275,2,Stable digital loyalists
104276,3,Premium-sensitive newcomers
104277,3,Premium-sensitive newcomers
104278,1,High-touch risk
104279,1,High-touch risk
104280,0,Established value seekers
104281,0,Established value seekers
104282,0,Established value seekers
104283,1,High-touch risk
104284,3,Premium-sensitive newcomers
104285,0,Established value seekers
104286,1,High-touch risk
104287,2,Stable digital loyalists
104288,0,Established value seekers
104289,0,Established value seekers
104290,2,Stable digital loyalists
104291,2,Stable digital loyalists
104292,2,Stable digital loyalists
104293,2,Stable digital loyalists
104294,3,Premium-sensitive newcomers
104295,0,Established value seekers
104296,1,High-touch risk
104297,1,High-touch risk
104298,3,Premium-sensitive newcomers
104299,0,Established value seekers
104300,3,Premium-sensitive newcomers
104301,3,Premium-sensitive newcomers
104302,3,Premium-sensitive newcomers
104303,0,Established value seekers
104304,2,Stable digital loyalists
104305,3,Premium-sensitive newcomers
104306,3,Premium-sensitive newcomers
104307,0,Established value seekers
104308,3,Premium-sensitive newcomers
104309,1,High-touch risk
104310,1,High-touch risk
104311,1,High-touch risk
104312,0,Established value seekers
104313,1,High-touch risk
104314,3,Premium-sensitive newcomers
104315,0,Established value seekers
104316,2,Stable digital loyalists
104317,2,Stable digital loyalists
104318,1,High-touch risk
104319,0,Established value seekers
104320,3,Premium-sensitive newcomers
104321,3,Premium-sensitive newcomers
104322,1,High-touch risk
104323,0,Established value seekers
104324,1,High-touch risk
104325,2,Stable digital loyalists
104326,3,Premium-sensitive newcomers
104327,1,High-touch risk
104328,1,High-touch risk
104329,2,Stable digital loyalists
104330,0,Established value seekers
104331,0,Established value seekers
104332,3,Premium-sensitive newcomers
104333,0,Established value seekers
104334,3,Premium-sensitive newcomers
104335,1,High-touch risk
104336,2,Stable digital loyalists
104337,1,High-touch risk
104338,0,Established value seekers
104339,1,High-touch risk
104340,3,Premium-sensitive newcomers
104341,3,Premium-sensitive newcomers
104342,2,Stable digital loyalists
104343,1,High-touch risk
104344,1,High-touch risk
104345,1,High-touch risk
104346,1,High-touch risk
104347,3,Premium-sensitive newcomers
104348,2,Stable digital loyalists
104349,1,High-touch risk
104350,2,Stable digital loyalists
104351,0,Established value seekers
104352,1,High-touch risk
104353,3,Premium-sensitive newcomers
104354,1,High-touch risk
104355,1,High-touch risk
104356,3,Premium-sensitive newcomers
104357,3,Premium-sensitive newcomers
104358,3,Premium-sensitive newcomers
104359,3,Premium-sensitive newcomers
104360,0,Established value seekers
104361,1,High-touch risk
104362,0,Established value seekers
104363,2,Stable digital loyalists
104364,1,High-touch risk
104365,0,Established value seekers
104366,0,Established value seekers
104367,1,High-touch risk
104368,3,Premium-sensitive newcomers
104369,1,High-touch risk
104370,0,Established value seekers
104371,2,Stable digital loyalists
104372,2,Stable digital loyalists
104373,3,Premium-sensitive newcomers
104374,3,Premium-sensitive newcomers
104375,1,High-touch risk
104376,1,High-touch risk
104377,0,Established value seekers
104378,0,Established value seekers
104379,3,Premium-sensitive newcomers
104380,1,High-touch risk
104381,3,Premium-sensitive newcomers
104382,3,Premium-sensitive newcomers
104383,0,Established value seekers
104384,3,Premium-sensitive newcomers
104385,0,Established value seekers
104386,2,Stable digital loyalists
104387,3,Premium-sensitive newcomers
104388,0,Established value seekers
104389,0,Established value seekers
104390,2,Stable digital loyalists
104391,1,High-touch risk
104392,3,Premium-sensitive newcomers
104393,3,Premium-sensitive newcomers
104394,3,Premium-sensitive newcomers
104395,3,Premium-sensitive newcomers
104396,1,High-touch risk
104397,3,Premium-sensitive newcomers
104398,1,High-touch risk
104399,2,Stable digital loyalists
104400,1,High-touch risk
104401,3,Premium-sensitive newcomers
104402,2,Stable digital loyalists
104403,1,High-touch risk
104404,1,High-touch risk
104405,0,Established value seekers
104406,3,Premium-sensitive newcomers
104407,3,Premium-sensitive newcomers
104408,2,Stable digital loyalists
104409,2,Stable digital loyalists
104410,2,Stable digital loyalists
104411,2,Stable digital loyalists
104412,3,Premium-sensitive newcomers
104413,3,Premium-sensitive newcomers
104414,3,Premium-sensitive newcomers
104415,0,Established value seekers
104416,3,Premium-sensitive newcomers
104417,3,Premium-sensitive newcomers
104418,0,Established value seekers
104419,0,Established value seekers
104420,1,High-touch risk
104421,1,High-touch risk
104422,0,Established value seekers
104423,3,Premium-sensitive newcomers
104424,3,Premium-sensitive newcomers
104425,1,High-touch risk
104426,3,Premium-sensitive newcomers
104427,2,Stable digital loyalists
104428,1,High-touch risk
104429,2,Stable digital loyalists
104430,3,Premium-sensitive newcomers
104431,0,Established value seekers
104432,0,Established value seekers
104433,3,Premium-sensitive newcomers
104434,0,Established value seekers
104435,1,High-touch risk
104436,1,High-touch risk
104437,2,Stable digital loyalists
104438,1,High-touch risk
104439,1,High-touch risk
104440,1,High-touch risk
104441,0,Established value seekers
104442,3,Premium-sensitive newcomers
104443,0,Established value seekers
104444,3,Premium-sensitive newcomers
104445,3,Premium-sensitive newcomers
104446,2,Stable digital loyalists
104447,0,Established value seekers
104448,1,High-touch risk
104449,3,Premium-sensitive newcomers
104450,1,High-touch risk
104451,0,Established value seekers
104452,1,High-touch risk
104453,2,Stable digital loyalists
104454,3,Premium-sensitive newcomers
104455,1,High-touch risk
104456,2,Stable digital loyalists
104457,1,High-touch risk
104458,2,Stable digital loyalists
104459,0,Established value seekers
104460,3,Premium-sensitive newcomers
104461,0,Established value seekers
104462,1,High-touch risk
104463,3,Premium-sensitive newcomers
104464,1,High-touch risk
104465,3,Premium-sensitive newcomers
104466,0,Established value seekers
104467,0,Established value seekers
104468,1,High-touch risk
104469,2,Stable digital loyalists
104470,2,Stable digital loyalists
104471,2,Stable digital loyalists
104472,2,Stable digital loyalists
104473,3,Premium-sensitive newcomers
104474,3,Premium-sensitive newcomers
104475,0,Established value seekers
104476,2,Stable digital loyalists
104477,3,Premium-sensitive newcomers
104478,1,High-touch risk
104479,3,Premium-sensitive newcomers
104480,3,Premium-sensitive newcomers
104481,2,Stable digital loyalists
104482,2,Stable digital loyalists
104483,1,High-touch risk
104484,2,Stable digital loyalists
104485,0,Established value seekers
104486,0,Established value seekers
104487,1,High-touch risk
104488,0,Established value seekers
104489,2,Stable digital loyalists
104490,1,High-touch risk
104491,1,High-touch risk
104492,3,Premium-sensitive newcomers
104493,2,Stable digital loyalists
104494,3,Premium-sensitive newcomers
104495,0,Established value seekers
104496,0,Established value seekers
104497,0,Established value seekers
104498,3,Premium-sensitive newcomers
104499,2,Stable digital loyalists
104500,3,Premium-sensitive newcomers
104501,3,Premium-sensitive newcomers
104502,0,Established value seekers
104503,2,Stable digital loyalists
104504,1,High-touch risk
104505,2,Stable digital loyalists
104506,3,Premium-sensitive newcomers
104507,3,Premium-sensitive newcomers
104508,0,Established value seekers
104509,0,Established value seekers
104510,3,Premium-sensitive newcomers
104511,2,Stable digital loyalists
104512,0,Established value seekers
104513,2,Stable digital loyalists
104514,1,High-touch risk
104515,2,Stable digital loyalists
104516,0,Established value seekers
104517,2,Stable digital loyalists
104518,3,Premium-sensitive newcomers
104519,2,Stable digital loyalists
104520,0,Established value seekers
104521,1,High-touch risk
104522,3,Premium-sensitive newcomers
104523,2,Stable digital loyalists
104524,3,Premium-sensitive newcomers
104525,1,High-touch risk
104526,2,Stable digital loyalists
104527,2,Stable digital loyalists
104528,3,Premium-sensitive newcomers
104529,3,Premium-sensitive newcomers
104530,2,Stable digital loyalists
104531,3,Premium-sensitive newcomers
104532,3,Premium-sensitive newcomers
104533,3,Premium-sensitive newcomers
104534,2,Stable digital loyalists
104535,2,Stable digital loyalists
104536,2,Stable digital loyalists
104537,0,Established value seekers
104538,0,Established value seekers
104539,0,Established value seekers
104540,2,Stable digital loyalists
104541,2,Stable digital loyalists
104542,2,Stable digital loyalists
104543,1,High-touch risk
104544,0,Established value seekers
104545,2,Stable digital loyalists
104546,0,Established value seekers
104547,3,Premium-sensitive newcomers
104548,0,Established value seekers
104549,2,Stable digital loyalists
104550,0,Established value seekers
104551,1,High-touch risk
104552,1,High-touch risk
104553,0,Established value seekers
104554,3,Premium-sensitive newcomers
104555,1,High-touch risk
104556,3,Premium-sensitive newcomers
104557,2,Stable digital loyalists
104558,0,Established value seekers
104559,3,Premium-sensitive newcomers
104560,2,Stable digital loyalists
104561,3,Premium-sensitive newcomers
104562,1,High-touch risk
104563,0,Established value seekers
104564,1,High-touch risk
104565,3,Premium-sensitive newcomers
104566,0,Established value seekers
104567,1,High-touch risk
104568,0,Established value seekers
104569,3,Premium-sensitive newcomers
104570,2,Stable digital loyalists
104571,0,Established value seekers
104572,2,Stable digital loyalists
104573,1,High-touch risk
104574,2,Stable digital loyalists
104575,1,High-touch risk
104576,1,High-touch risk
104577,0,Established value seekers
104578,2,Stable digital loyalists
104579,2,Stable digital loyalists
104580,3,Premium-sensitive newcomers
104581,3,Premium-sensitive newcomers
104582,0,Established value seekers
104583,1,High-touch risk
104584,1,High-touch risk
104585,2,Stable digital loyalists
104586,2,Stable digital loyalists
104587,1,High-touch risk
104588,1,High-touch risk
104589,3,Premium-sensitive newcomers
104590,0,Established value seekers
104591,3,Premium-sensitive newcomers
104592,0,Established value seekers
104593,2,Stable digital loyalists
104594,3,Premium-sensitive newcomers
104595,1,High-touch risk
104596,3,Premium-sensitive newcomers
104597,1,High-touch risk
104598,0,Established value seekers
104599,3,Premium-sensitive newcomers
104600,0,Established value seekers
104601,2,Stable digital loyalists
104602,0,Established value seekers
104603,0,Established value seekers
104604,2,Stable digital loyalists
104605,1,High-touch risk
104606,1,High-touch risk
104607,0,Established value seekers
104608,1,High-touch risk
104609,3,Premium-sensitive newcomers
104610,1,High-touch risk
104611,3,Premium-sensitive newcomers
104612,3,Premium-sensitive newcomers
104613,2,Stable digital loyalists
104614,1,High-touch risk
104615,2,Stable digital loyalists
104616,1,High-touch risk
104617,3,Premium-sensitive newcomers
104618,3,Premium-sensitive newcomers
104619,1,High-touch risk
104620,1,High-touch risk
104621,0,Established value seekers
104622,1,High-touch risk
104623,3,Premium-sensitive newcomers
104624,3,Premium-sensitive newcomers
104625,3,Premium-sensitive newcomers
104626,2,Stable digital loyalists
104627,1,High-touch risk
104628,1,High-touch risk
104629,3,Premium-sensitive newcomers
104630,1,High-touch risk
104631,1,High-touch risk
104632,3,Premium-sensitive newcomers
104633,1,High-touch risk
104634,0,Established value seekers
104635,2,Stable digital loyalists
104636,3,Premium-sensitive newcomers
104637,3,Premium-sensitive newcomers
104638,1,High-touch risk
104639,1,High-touch risk
104640,2,Stable digital loyalists
104641,3,Premium-sensitive newcomers
104642,1,High-touch risk
104643,0,Established value seekers
104644,1,High-touch risk
104645,3,Premium-sensitive newcomers
104646,3,Premium-sensitive newcomers
104647,3,Premium-sensitive newcomers
104648,0,Established value seekers
104649,2,Stable digital loyalists
104650,0,Established value seekers
104651,3,Premium-sensitive newcomers
104652,2,Stable digital loyalists
104653,0,Established value seekers
104654,2,Stable digital loyalists
104655,3,Premium-sensitive newcomers
104656,1,High-touch risk
104657,3,Premium-sensitive newcomers
104658,1,High-touch risk
104659,0,Established value seekers
104660,0,Established value seekers
104661,2,Stable digital loyalists
104662,1,High-touch risk
104663,0,Established value seekers
104664,1,High-touch risk
104665,2,Stable digital loyalists
104666,3,Premium-sensitive newcomers
104667,2,Stable digital loyalists
104668,3,Premium-sensitive newcomers
104669,0,Established value seekers
104670,2,Stable digital loyalists
104671,2,Stable digital loyalists
104672,1,High-touch risk
104673,0,Established value seekers
104674,0,Established value seekers
104675,0,Established value seekers
104676,2,Stable digital loyalists
104677,1,High-touch risk
104678,3,Premium-sensitive newcomers
104679,3,Premium-sensitive newcomers
104680,1,High-touch risk
104681,3,Premium-sensitive newcomers
104682,1,High-touch risk
104683,0,Established value seekers
104684,3,Premium-sensitive newcomers
104685,0,Established value seekers
104686,1,High-touch risk
104687,1,High-touch risk
104688,3,Premium-sensitive newcomers
104689,1,High-touch risk
104690,3,Premium-sensitive newcomers
104691,0,Established value seekers
104692,1,High-touch risk
104693,1,High-touch risk
104694,3,Premium-sensitive newcomers
104695,2,Stable digital loyalists
104696,1,High-touch risk
104697,1,High-touch risk
104698,0,Established value seekers
104699,3,Premium-sensitive newcomers
104700,0,Established value seekers
104701,1,High-touch risk
104702,0,Established value seekers
104703,0,Established value seekers
104704,1,High-touch risk
104705,1,High-touch risk
104706,2,Stable digital loyalists
104707,2,Stable digital loyalists
104708,2,Stable digital loyalists
104709,1,High-touch risk
104710,1,High-touch risk
104711,3,Premium-sensitive newcomers
104712,1,High-touch risk
104713,3,Premium-sensitive newcomers
104714,0,Established value seekers
104715,1,High-touch risk
104716,0,Established value seekers
104717,0,Established value seekers
104718,1,High-touch risk
104719,0,Established value seekers
104720,0,Established value seekers
104721,3,Premium-sensitive newcomers
104722,3,Premium-sensitive newcomers
104723,3,Premium-sensitive newcomers
104724,0,Established value seekers
104725,0,Established value seekers
104726,3,Premium-sensitive newcomers
104727,0,Established value seekers
104728,0,Established value seekers
104729,3,Premium-sensitive newcomers
104730,3,Premium-sensitive newcomers
104731,1,High-touch risk
104732,3,Premium-sensitive newcomers
104733,3,Premium-sensitive newcomers
104734,2,Stable digital loyalists
104735,0,Established value seekers
104736,0,Established value seekers
104737,3,Premium-sensitive newcomers
104738,0,Established value seekers
104739,1,High-touch risk
104740,0,Established value seekers
104741,1,High-touch risk
104742,1,High-touch risk
104743,2,Stable digital loyalists
104744,3,Premium-sensitive newcomers
104745,0,Established value seekers
104746,3,Premium-sensitive newcomers
104747,3,Premium-sensitive newcomers
104748,3,Premium-sensitive newcomers
104749,3,Premium-sensitive newcomers
104750,0,Established value seekers
104751,0,Established value seekers
104752,2,Stable digital loyalists
104753,1,High-touch risk
104754,0,Established value seekers
104755,3,Premium-sensitive newcomers
104756,3,Premium-sensitive newcomers
104757,3,Premium-sensitive newcomers
104758,3,Premium-sensitive newcomers
104759,0,Established value seekers
104760,3,Premium-sensitive newcomers
104761,3,Premium-sensitive newcomers
104762,3,Premium-sensitive newcomers
104763,1,High-touch risk
104764,3,Premium-sensitive newcomers
104765,3,Premium-sensitive newcomers
104766,3,Premium-sensitive newcomers
104767,0,Established value seekers
104768,3,Premium-sensitive newcomers
104769,0,Established value seekers
104770,2,Stable digital loyalists
104771,1,High-touch risk
104772,1,High-touch risk
104773,2,Stable digital loyalists
104774,0,Established value seekers
104775,0,Established value seekers
104776,2,Stable digital loyalists
104777,0,Established value seekers
104778,3,Premium-sensitive newcomers
104779,2,Stable digital loyalists
104780,3,Premium-sensitive newcomers
104781,1,High-touch risk
104782,2,Stable digital loyalists
104783,3,Premium-sensitive newcomers
104784,1,High-touch risk
104785,3,Premium-sensitive newcomers
104786,0,Established value seekers
104787,1,High-touch risk
104788,0,Established value seekers
104789,3,Premium-sensitive newcomers
104790,0,Established value seekers
104791,2,Stable digital loyalists
104792,1,High-touch risk
104793,0,Established value seekers
104794,3,Premium-sensitive newcomers
104795,0,Established value seekers
104796,3,Premium-sensitive newcomers
104797,3,Premium-sensitive newcomers
104798,2,Stable digital loyalists
104799,0,Established value seekers
104800,1,High-touch risk
104801,3,Premium-sensitive newcomers
104802,3,Premium-sensitive newcomers
104803,0,Established value seekers
104804,1,High-touch risk
104805,0,Established value seekers
104806,2,Stable digital loyalists
104807,1,High-touch risk
104808,0,Established value seekers
104809,1,High-touch risk
104810,1,High-touch risk
104811,1,High-touch risk
104812,2,Stable digital loyalists
104813,0,Established value seekers
104814,0,Established value seekers
104815,1,High-touch risk
104816,0,Established value seekers
104817,2,Stable digital loyalists
104818,0,Established value seekers
104819,1,High-touch risk
104820,1,High-touch risk
104821,0,Established value seekers
104822,1,High-touch risk
104823,3,Premium-sensitive newcomers
104824,0,Established value seekers
104825,3,Premium-sensitive newcomers
104826,3,Premium-sensitive newcomers
104827,3,Premium-sensitive newcomers
104828,0,Established value seekers
104829,1,High-touch risk
104830,3,Premium-sensitive newcomers
104831,2,Stable digital loyalists
104832,2,Stable digital loyalists
104833,2,Stable digital loyalists
104834,1,High-touch risk
104835,1,High-touch risk
104836,3,Premium-sensitive newcomers
104837,2,Stable digital loyalists
104838,0,Established value seekers
104839,3,Premium-sensitive newcomers
104840,1,High-touch risk
104841,0,Established value seekers
104842,3,Premium-sensitive newcomers
104843,2,Stable digital loyalists
104844,3,Premium-sensitive newcomers
104845,2,Stable digital loyalists
104846,3,Premium-sensitive newcomers
104847,0,Established value seekers
104848,2,Stable digital loyalists
104849,2,Stable digital loyalists
104850,0,Established value seekers
104851,1,High-touch risk
104852,3,Premium-sensitive newcomers
104853,1,High-touch risk
104854,1,High-touch risk
104855,1,High-touch risk
104856,0,Established value seekers
104857,1,High-touch risk
104858,0,Established value seekers
104859,2,Stable digital loyalists
104860,0,Established value seekers
104861,3,Premium-sensitive newcomers
104862,2,Stable digital loyalists
104863,0,Established value seekers
104864,3,Premium-sensitive newcomers
104865,0,Established value seekers
104866,0,Established value seekers
104867,1,High-touch risk
104868,1,High-touch risk
104869,1,High-touch risk
104870,0,Established value seekers
104871,3,Premium-sensitive newcomers
104872,3,Premium-sensitive newcomers
104873,0,Established value seekers
104874,3,Premium-sensitive newcomers
104875,1,High-touch risk
104876,3,Premium-sensitive newcomers
104877,3,Premium-sensitive newcomers
104878,0,Established value seekers
104879,0,Established value seekers
104880,1,High-touch risk
104881,1,High-touch risk
104882,1,High-touch risk
104883,1,High-touch risk
104884,3,Premium-sensitive newcomers
104885,1,High-touch risk
104886,0,Established value seekers
104887,0,Established value seekers
104888,2,Stable digital loyalists
104889,0,Established value seekers
104890,3,Premium-sensitive newcomers
104891,2,Stable digital loyalists
104892,1,High-touch risk
104893,2,Stable digital loyalists
104894,3,Premium-sensitive newcomers
104895,3,Premium-sensitive newcomers
104896,1,High-touch risk
104897,0,Established value seekers
104898,0,Established value seekers
104899,1,High-touch risk
104900,1,High-touch risk
104901,3,Premium-sensitive newcomers
104902,0,Established value seekers
104903,1,High-touch risk
104904,1,High-touch risk
104905,1,High-touch risk
104906,2,Stable digital loyalists
104907,1,High-touch risk
104908,1,High-touch risk
104909,2,Stable digital loyalists
104910,1,High-touch risk
104911,3,Premium-sensitive newcomers
104912,3,Premium-sensitive newcomers
104913,1,High-touch risk
104914,0,Established value seekers
104915,0,Established value seekers
104916,3,Premium-sensitive newcomers
104917,0,Established value seekers
104918,1,High-touch risk
104919,1,High-touch risk
104920,0,Established value seekers
104921,0,Established value seekers
104922,3,Premium-sensitive newcomers
104923,1,High-touch risk
104924,1,High-touch risk
104925,3,Premium-sensitive newcomers
104926,2,Stable digital loyalists
104927,2,Stable digital loyalists
104928,3,Premium-sensitive newcomers
104929,0,Established value seekers
104930,1,High-touch risk
104931,2,Stable digital loyalists
104932,1,High-touch risk
104933,2,Stable digital loyalists
104934,0,Established value seekers
104935,1,High-touch risk
104936,3,Premium-sensitive newcomers
104937,2,Stable digital loyalists
104938,0,Established value seekers
104939,0,Established value seekers
104940,3,Premium-sensitive newcomers
104941,1,High-touch risk
104942,2,Stable digital loyalists
104943,3,Premium-sensitive newcomers
104944,3,Premium-sensitive newcomers
104945,3,Premium-sensitive newcomers
104946,2,Stable digital loyalists
104947,2,Stable digital loyalists
104948,0,Established value seekers
104949,3,Premium-sensitive newcomers
104950,1,High-touch risk
104951,1,High-touch risk
104952,2,Stable digital loyalists
104953,1,High-touch risk
104954,2,Stable digital loyalists
104955,1,High-touch risk
104956,3,Premium-sensitive newcomers
104957,2,Stable digital loyalists
104958,2,Stable digital loyalists
104959,0,Established value seekers
104960,3,Premium-sensitive newcomers
104961,3,Premium-sensitive newcomers
104962,1,High-touch risk
104963,3,Premium-sensitive newcomers
104964,3,Premium-sensitive newcomers
104965,3,Premium-sensitive newcomers
104966,2,Stable digital loyalists
104967,1,High-touch risk
104968,1,High-touch risk
104969,2,Stable digital loyalists
104970,0,Established value seekers
104971,3,Premium-sensitive newcomers
104972,3,Premium-sensitive newcomers
104973,3,Premium-sensitive newcomers
104974,2,Stable digital loyalists
104975,2,Stable digital loyalists
104976,1,High-touch risk
104977,3,Premium-sensitive newcomers
104978,2,Stable digital loyalists
104979,0,Established value seekers
104980,0,Established value seekers
104981,3,Premium-sensitive newcomers
104982,1,High-touch risk
104983,3,Premium-sensitive newcomers
104984,0,Established value seekers
104985,3,Premium-sensitive newcomers
104986,1,High-touch risk
104987,2,Stable digital loyalists
104988,1,High-touch risk
104989,2,Stable digital loyalists
104990,3,Premium-sensitive newcomers
104991,1,High-touch risk
104992,1,High-touch risk
104993,3,Premium-sensitive newcomers
104994,1,High-touch risk
104995,3,Premium-sensitive newcomers
104996,3,Premium-sensitive newcomers
104997,1,High-touch risk
104998,0,Established value seekers
104999,1,High-touch risk
105000,1,High-touch risk
105001,0,Established value seekers
105002,3,Premium-sensitive newcomers
105003,2,Stable digital loyalists
105004,0,Established value seekers
105005,3,Premium-sensitive newcomers
105006,0,Established value seekers
105007,0,Established value seekers
105008,3,Premium-sensitive newcomers
105009,0,Established value seekers
105010,2,Stable digital loyalists
105011,1,High-touch risk
105012,0,Established value seekers
105013,3,Premium-sensitive newcomers
105014,3,Premium-sensitive newcomers
105015,0,Established value seekers
105016,0,Established value seekers
105017,0,Established value seekers
105018,2,Stable digital loyalists
105019,2,Stable digital loyalists
105020,2,Stable digital loyalists
105021,1,High-touch risk
105022,0,Established value seekers
105023,3,Premium-sensitive newcomers
105024,2,Stable digital loyalists
105025,1,High-touch risk
105026,1,High-touch risk
105027,0,Established value seekers
105028,1,High-touch risk
105029,3,Premium-sensitive newcomers
105030,3,Premium-sensitive newcomers
105031,2,Stable digital loyalists
105032,0,Established value seekers
105033,2,Stable digital loyalists
105034,1,High-touch risk
105035,2,Stable digital loyalists
105036,2,Stable digital loyalists
105037,0,Established value seekers
105038,1,High-touch risk
105039,3,Premium-sensitive newcomers
105040,3,Premium-sensitive newcomers
105041,1,High-touch risk
105042,3,Premium-sensitive newcomers
105043,2,Stable digital loyalists
105044,2,Stable digital loyalists
105045,1,High-touch risk
105046,1,High-touch risk
105047,1,High-touch risk
105048,0,Established value seekers
105049,1,High-touch risk
105050,2,Stable digital loyalists
105051,0,Established value seekers
105052,1,High-touch risk
105053,1,High-touch risk
105054,1,High-touch risk
105055,1,High-touch risk
105056,1,High-touch risk
105057,1,High-touch risk
105058,0,Established value seekers
105059,3,Premium-sensitive newcomers
105060,3,Premium-sensitive newcomers
105061,3,Premium-sensitive newcomers
105062,2,Stable digital loyalists
105063,3,Premium-sensitive newcomers
105064,0,Established value seekers
105065,0,Established value seekers
105066,2,Stable digital loyalists
105067,0,Established value seekers
105068,1,High-touch risk
105069,0,Established value seekers
105070,1,High-touch risk
105071,0,Established value seekers
105072,1,High-touch risk
105073,3,Premium-sensitive newcomers
105074,0,Established value seekers
105075,3,Premium-sensitive newcomers
105076,3,Premium-sensitive newcomers
105077,3,Premium-sensitive newcomers
105078,2,Stable digital loyalists
105079,2,Stable digital loyalists
105080,1,High-touch risk
105081,3,Premium-sensitive newcomers
105082,3,Premium-sensitive newcomers
105083,3,Premium-sensitive newcomers
105084,2,Stable digital loyalists
105085,3,Premium-sensitive newcomers
105086,0,Established value seekers
105087,3,Premium-sensitive newcomers
105088,2,Stable digital loyalists
105089,0,Established value seekers
105090,1,High-touch risk
105091,1,High-touch risk
105092,0,Established value seekers
105093,0,Established value seekers
105094,3,Premium-sensitive newcomers
105095,2,Stable digital loyalists
105096,3,Premium-sensitive newcomers
105097,3,Premium-sensitive newcomers
105098,0,Established value seekers
105099,2,Stable digital loyalists
105100,2,Stable digital loyalists
105101,3,Premium-sensitive newcomers
105102,3,Premium-sensitive newcomers
105103,3,Premium-sensitive newcomers
105104,0,Established value seekers
105105,0,Established value seekers
105106,0,Established value seekers
105107,0,Established value seekers
105108,0,Established value seekers
105109,2,Stable digital loyalists
105110,2,Stable digital loyalists
105111,0,Established value seekers
105112,2,Stable digital loyalists
105113,0,Established value seekers
105114,1,High-touch risk
105115,0,Established value seekers
105116,1,High-touch risk
105117,2,Stable digital loyalists
105118,0,Established value seekers
105119,2,Stable digital loyalists
105120,1,High-touch risk
105121,1,High-touch risk
105122,2,Stable digital loyalists
105123,2,Stable digital loyalists
105124,3,Premium-sensitive newcomers
105125,3,Premium-sensitive newcomers
105126,3,Premium-sensitive newcomers
105127,1,High-touch risk
105128,1,High-touch risk
105129,1,High-touch risk
105130,0,Established value seekers
105131,3,Premium-sensitive newcomers
105132,1,High-touch risk
105133,1,High-touch risk
105134,0,Established value seekers
105135,3,Premium-sensitive newcomers
105136,0,Established value seekers
105137,1,High-touch risk
105138,3,Premium-sensitive newcomers
105139,2,Stable digital loyalists
105140,3,Premium-sensitive newcomers
105141,3,Premium-sensitive newcomers
105142,1,High-touch risk
105143,0,Established value seekers
105144,3,Premium-sensitive newcomers
105145,1,High-touch risk
105146,0,Established value seekers
105147,0,Established value seekers
105148,0,Established value seekers
105149,2,Stable digital loyalists
105150,2,Stable digital loyalists
105151,1,High-touch risk
105152,1,High-touch risk
105153,3,Premium-sensitive newcomers
105154,3,Premium-sensitive newcomers
105155,3,Premium-sensitive newcomers
105156,1,High-touch risk
105157,3,Premium-sensitive newcomers
105158,1,High-touch risk
105159,2,Stable digital loyalists
105160,0,Established value seekers
105161,3,Premium-sensitive newcomers
105162,3,Premium-sensitive newcomers
105163,0,Established value seekers
105164,3,Premium-sensitive newcomers
105165,3,Premium-sensitive newcomers
105166,0,Established value seekers
105167,0,Established value seekers
105168,3,Premium-sensitive newcomers
105169,0,Established value seekers
105170,0,Established value seekers
105171,3,Premium-sensitive newcomers
105172,1,High-touch risk
105173,0,Established value seekers
105174,0,Established value seekers
105175,0,Established value seekers
105176,3,Premium-sensitive newcomers
105177,2,Stable digital loyalists
105178,3,Premium-sensitive newcomers
105179,3,Premium-sensitive newcomers
105180,0,Established value seekers
105181,2,Stable digital loyalists
105182,3,Premium-sensitive newcomers
105183,0,Established value seekers
105184,0,Established value seekers
105185,1,High-touch risk
105186,2,Stable digital loyalists
105187,2,Stable digital loyalists
105188,2,Stable digital loyalists
105189,3,Premium-sensitive newcomers
105190,2,Stable digital loyalists
105191,0,Established value seekers
105192,0,Established value seekers
105193,3,Premium-sensitive newcomers
105194,1,High-touch risk
105195,1,High-touch risk
105196,0,Established value seekers
105197,0,Established value seekers
105198,3,Premium-sensitive newcomers
105199,2,Stable digital loyalists
105200,0,Established value seekers
105201,1,High-touch risk
105202,2,Stable digital loyalists
105203,1,High-touch risk
105204,1,High-touch risk
105205,1,High-touch risk
105206,1,High-touch risk
105207,0,Established value seekers
105208,1,High-touch risk
105209,1,High-touch risk
105210,2,Stable digital loyalists
105211,2,Stable digital loyalists
105212,1,High-touch risk
105213,0,Established value seekers
105214,0,Established value seekers
105215,1,High-touch risk
105216,0,Established value seekers
105217,0,Established value seekers
105218,3,Premium-sensitive newcomers
105219,0,Established value seekers
105220,3,Premium-sensitive newcomers
105221,2,Stable digital loyalists
105222,0,Established value seekers
105223,0,Established value seekers
105224,3,Premium-sensitive newcomers
105225,3,Premium-sensitive newcomers
105226,2,Stable digital loyalists
105227,3,Premium-sensitive newcomers
105228,2,Stable digital loyalists
105229,0,Established value seekers
105230,1,High-touch risk
105231,2,Stable digital loyalists
105232,3,Premium-sensitive newcomers
105233,0,Established value seekers
105234,0,Established value seekers
105235,1,High-touch risk
105236,3,Premium-sensitive newcomers
105237,0,Established value seekers
105238,1,High-touch risk
105239,1,High-touch risk
105240,2,Stable digital loyalists
105241,0,Established value seekers
105242,1,High-touch risk
105243,0,Established value seekers
105244,2,Stable digital loyalists
105245,1,High-touch risk
105246,3,Premium-sensitive newcomers
105247,1,High-touch risk
105248,3,Premium-sensitive newcomers
105249,2,Stable digital loyalists
105250,3,Premium-sensitive newcomers
105251,3,Premium-sensitive newcomers
105252,3,Premium-sensitive newcomers
105253,3,Premium-sensitive newcomers
105254,3,Premium-sensitive newcomers
105255,2,Stable digital loyalists
105256,1,High-touch risk
105257,0,Established value seekers
105258,2,Stable digital loyalists
105259,2,Stable digital loyalists
105260,1,High-touch risk
105261,1,High-touch risk
105262,0,Established value seekers
105263,0,Established value seekers
105264,2,Stable digital loyalists
105265,3,Premium-sensitive newcomers
105266,0,Established value seekers
105267,3,Premium-sensitive newcomers
105268,1,High-touch risk
105269,0,Established value seekers
105270,0,Established value seekers
105271,2,Stable digital loyalists
105272,0,Established value seekers
105273,3,Premium-sensitive newcomers
105274,1,High-touch risk
105275,3,Premium-sensitive newcomers
105276,0,Established value seekers
105277,0,Established value seekers
105278,0,Established value seekers
105279,3,Premium-sensitive newcomers
105280,1,High-touch risk
105281,0,Established value seekers
105282,3,Premium-sensitive newcomers
105283,2,Stable digital loyalists
105284,0,Established value seekers
105285,0,Established value seekers
105286,3,Premium-sensitive newcomers
105287,0,Established value seekers
105288,0,Established value seekers
105289,2,Stable digital loyalists
105290,1,High-touch risk
105291,3,Premium-sensitive newcomers
105292,0,Established value seekers
105293,1,High-touch risk
105294,2,Stable digital loyalists
105295,2,Stable digital loyalists
105296,3,Premium-sensitive newcomers
105297,2,Stable digital loyalists
105298,0,Established value seekers
105299,1,High-touch risk
105300,0,Established value seekers
105301,0,Established value seekers
105302,1,High-touch risk
105303,1,High-touch risk
105304,0,Established value seekers
105305,0,Established value seekers
105306,3,Premium-sensitive newcomers
105307,0,Established value seekers
105308,2,Stable digital loyalists
105309,3,Premium-sensitive newcomers
105310,1,High-touch risk
105311,0,Established value seekers
105312,3,Premium-sensitive newcomers
105313,1,High-touch risk
105314,1,High-touch risk
105315,2,Stable digital loyalists
105316,0,Established value seekers
105317,1,High-touch risk
105318,1,High-touch risk
105319,3,Premium-sensitive newcomers
105320,1,High-touch risk
105321,2,Stable digital loyalists
105322,2,Stable digital loyalists
105323,3,Premium-sensitive newcomers
105324,0,Established value seekers
105325,3,Premium-sensitive newcomers
105326,1,High-touch risk
105327,3,Premium-sensitive newcomers
105328,3,Premium-sensitive newcomers
105329,0,Established value seekers
105330,2,Stable digital loyalists
105331,2,Stable digital loyalists
105332,3,Premium-sensitive newcomers
105333,0,Established value seekers
105334,3,Premium-sensitive newcomers
105335,2,Stable digital loyalists
105336,3,Premium-sensitive newcomers
105337,0,Established value seekers
105338,0,Established value seekers
105339,1,High-touch risk
105340,2,Stable digital loyalists
105341,0,Established value seekers
105342,2,Stable digital loyalists
105343,0,Established value seekers
105344,2,Stable digital loyalists
105345,1,High-touch risk
105346,2,Stable digital loyalists
105347,0,Established value seekers
105348,1,High-touch risk
105349,3,Premium-sensitive newcomers
105350,1,High-touch risk
105351,2,Stable digital loyalists
105352,2,Stable digital loyalists
105353,1,High-touch risk
105354,3,Premium-sensitive newcomers
105355,3,Premium-sensitive newcomers
105356,2,Stable digital loyalists
105357,1,High-touch risk
105358,1,High-touch risk
105359,0,Established value seekers
105360,3,Premium-sensitive newcomers
105361,3,Premium-sensitive newcomers
105362,0,Established value seekers
105363,2,Stable digital loyalists
105364,2,Stable digital loyalists
105365,3,Premium-sensitive newcomers
105366,0,Established value seekers
105367,1,High-touch risk
105368,3,Premium-sensitive newcomers
105369,3,Premium-sensitive newcomers
105370,0,Established value seekers
105371,2,Stable digital loyalists
105372,3,Premium-sensitive newcomers
105373,3,Premium-sensitive newcomers
105374,3,Premium-sensitive newcomers
105375,0,Established value seekers
105376,2,Stable digital loyalists
105377,0,Established value seekers
105378,1,High-touch risk
105379,1,High-touch risk
105380,0,Established value seekers
105381,0,Established value seekers
105382,3,Premium-sensitive newcomers
105383,0,Established value seekers
105384,3,Premium-sensitive newcomers
105385,3,Premium-sensitive newcomers
105386,0,Established value seekers
105387,2,Stable digital loyalists
105388,1,High-touch risk
105389,2,Stable digital loyalists
105390,0,Established value seekers
105391,1,High-touch risk
105392,3,Premium-sensitive newcomers
105393,3,Premium-sensitive newcomers
105394,1,High-touch risk
105395,2,Stable digital loyalists
105396,0,Established value seekers
105397,3,Premium-sensitive newcomers
105398,0,Established value seekers
105399,3,Premium-sensitive newcomers
105400,2,Stable digital loyalists
105401,2,Stable digital loyalists
105402,0,Established value seekers
105403,1,High-touch risk
105404,3,Premium-sensitive newcomers
105405,1,High-touch risk
105406,1,High-touch risk
105407,1,High-touch risk
105408,2,Stable digital loyalists
105409,1,High-touch risk
105410,3,Premium-sensitive newcomers
105411,0,Established value seekers
105412,2,Stable digital loyalists
105413,3,Premium-sensitive newcomers
105414,3,Premium-sensitive newcomers
105415,1,High-touch risk
105416,3,Premium-sensitive newcomers
105417,3,Premium-sensitive newcomers
105418,2,Stable digital loyalists
105419,0,Established value seekers
105420,0,Established value seekers
105421,3,Premium-sensitive newcomers
105422,2,Stable digital loyalists
105423,2,Stable digital loyalists
105424,1,High-touch risk
105425,3,Premium-sensitive newcomers
105426,1,High-touch risk
105427,0,Established value seekers
105428,3,Premium-sensitive newcomers
105429,3,Premium-sensitive newcomers
105430,3,Premium-sensitive newcomers
105431,3,Premium-sensitive newcomers
105432,3,Premium-sensitive newcomers
105433,3,Premium-sensitive newcomers
105434,3,Premium-sensitive newcomers
105435,2,Stable digital loyalists
105436,2,Stable digital loyalists
105437,0,Established value seekers
105438,2,Stable digital loyalists
105439,1,High-touch risk
105440,1,High-touch risk
105441,1,High-touch risk
105442,0,Established value seekers
105443,2,Stable digital loyalists
105444,2,Stable digital loyalists
105445,1,High-touch risk
105446,0,Established value seekers
105447,3,Premium-sensitive newcomers
105448,2,Stable digital loyalists
105449,1,High-touch risk
105450,3,Premium-sensitive newcomers
105451,1,High-touch risk
105452,3,Premium-sensitive newcomers
105453,2,Stable digital loyalists
105454,0,Established value seekers
105455,3,Premium-sensitive newcomers
105456,2,Stable digital loyalists
105457,1,High-touch risk
105458,0,Established value seekers
105459,0,Established value seekers
105460,3,Premium-sensitive newcomers
105461,3,Premium-sensitive newcomers
105462,1,High-touch risk
105463,0,Established value seekers
105464,0,Established value seekers
105465,1,High-touch risk
105466,0,Established value seekers
105467,0,Established value seekers
105468,2,Stable digital loyalists
105469,2,Stable digital loyalists
105470,3,Premium-sensitive newcomers
105471,3,Premium-sensitive newcomers
105472,0,Established value seekers
105473,1,High-touch risk
105474,1,High-touch risk
105475,3,Premium-sensitive newcomers
105476,2,Stable digital loyalists
105477,3,Premium-sensitive newcomers
105478,3,Premium-sensitive newcomers
105479,3,Premium-sensitive newcomers
105480,1,High-touch risk
105481,3,Premium-sensitive newcomers
105482,3,Premium-sensitive newcomers
105483,2,Stable digital loyalists
105484,2,Stable digital loyalists
105485,1,High-touch risk
105486,3,Premium-sensitive newcomers
105487,1,High-touch risk
105488,1,High-touch risk
105489,1,High-touch risk
105490,0,Established value seekers
105491,2,Stable digital loyalists
105492,3,Premium-sensitive newcomers
105493,1,High-touch risk
105494,2,Stable digital loyalists
105495,1,High-touch risk
105496,0,Established value seekers
105497,1,High-touch risk
105498,0,Established value seekers
105499,3,Premium-sensitive newcomers
105500,2,Stable digital loyalists
105501,3,Premium-sensitive newcomers
105502,0,Established value seekers
105503,3,Premium-sensitive newcomers
105504,3,Premium-sensitive newcomers
105505,0,Established value seekers
105506,2,Stable digital loyalists
105507,3,Premium-sensitive newcomers
105508,1,High-touch risk
105509,0,Established value seekers
105510,2,Stable digital loyalists
105511,1,High-touch risk
105512,1,High-touch risk
105513,2,Stable digital loyalists
105514,3,Premium-sensitive newcomers
105515,3,Premium-sensitive newcomers
105516,2,Stable digital loyalists
105517,2,Stable digital loyalists
105518,1,High-touch risk
105519,3,Premium-sensitive newcomers
105520,3,Premium-sensitive newcomers
105521,0,Established value seekers
105522,1,High-touch risk
105523,2,Stable digital loyalists
105524,1,High-touch risk
105525,1,High-touch risk
105526,0,Established value seekers
105527,1,High-touch risk
105528,0,Established value seekers
105529,2,Stable digital loyalists
105530,0,Established value seekers
105531,0,Established value seekers
105532,2,Stable digital loyalists
105533,2,Stable digital loyalists
105534,2,Stable digital loyalists
105535,1,High-touch risk
105536,3,Premium-sensitive newcomers
105537,0,Established value seekers
105538,0,Established value seekers
105539,1,High-touch risk
105540,0,Established value seekers
105541,1,High-touch risk
105542,0,Established value seekers
105543,3,Premium-sensitive newcomers
105544,2,Stable digital loyalists
105545,3,Premium-sensitive newcomers
105546,3,Premium-sensitive newcomers
105547,0,Established value seekers
105548,0,Established value seekers
105549,0,Established value seekers
105550,0,Established value seekers
105551,0,Established value seekers
105552,1,High-touch risk
105553,3,Premium-sensitive newcomers
105554,0,Established value seekers
105555,3,Premium-sensitive newcomers
105556,2,Stable digital loyalists
105557,0,Established value seekers
105558,0,Established value seekers
105559,3,Premium-sensitive newcomers
105560,3,Premium-sensitive newcomers
105561,2,Stable digital loyalists
105562,2,Stable digital loyalists
105563,1,High-touch risk
105564,2,Stable digital loyalists
105565,2,Stable digital loyalists
105566,0,Established value seekers
105567,0,Established value seekers
105568,0,Established value seekers
105569,3,Premium-sensitive newcomers
105570,3,Premium-sensitive newcomers
105571,2,Stable digital loyalists
105572,0,Established value seekers
105573,2,Stable digital loyalists
105574,0,Established value seekers
105575,0,Established value seekers
105576,3,Premium-sensitive newcomers
105577,2,Stable digital loyalists
105578,3,Premium-sensitive newcomers
105579,2,Stable digital loyalists
105580,3,Premium-sensitive newcomers
105581,1,High-touch risk
105582,1,High-touch risk
105583,0,Established value seekers
105584,2,Stable digital loyalists
105585,1,High-touch risk
105586,3,Premium-sensitive newcomers
105587,0,Established value seekers
105588,1,High-touch risk
105589,0,Established value seekers
105590,2,Stable digital loyalists
105591,3,Premium-sensitive newcomers
105592,3,Premium-sensitive newcomers
105593,1,High-touch risk
105594,3,Premium-sensitive newcomers
105595,3,Premium-sensitive newcomers
105596,0,Established value seekers
105597,0,Established value seekers
105598,2,Stable digital loyalists
105599,2,Stable digital loyalists
105600,1,High-touch risk
105601,0,Established value seekers
105602,0,Established value seekers
105603,1,High-touch risk
105604,0,Established value seekers
105605,1,High-touch risk
105606,1,High-touch risk
105607,0,Established value seekers
105608,3,Premium-sensitive newcomers
105609,2,Stable digital loyalists
105610,0,Established value seekers
105611,0,Established value seekers
105612,3,Premium-sensitive newcomers
105613,1,High-touch risk
105614,2,Stable digital loyalists
105615,0,Established value seekers
105616,0,Established value seekers
105617,1,High-touch risk
105618,2,Stable digital loyalists
105619,0,Established value seekers
105620,1,High-touch risk
105621,0,Established value seekers
105622,2,Stable digital loyalists
105623,3,Premium-sensitive newcomers
105624,0,Established value seekers
105625,1,High-touch risk
105626,0,Established value seekers
105627,0,Established value seekers
105628,3,Premium-sensitive newcomers
105629,2,Stable digital loyalists
105630,3,Premium-sensitive newcomers
105631,0,Established value seekers
105632,0,Established value seekers
105633,1,High-touch risk
105634,0,Established value seekers
105635,0,Established value seekers
105636,2,Stable digital loyalists
105637,0,Established value seekers
105638,2,Stable digital loyalists
105639,3,Premium-sensitive newcomers
105640,1,High-touch risk
105641,1,High-touch risk
105642,0,Established value seekers
105643,3,Premium-sensitive newcomers
105644,3,Premium-sensitive newcomers
105645,2,Stable digital loyalists
105646,3,Premium-sensitive newcomers
105647,2,Stable digital loyalists
105648,0,Established value seekers
105649,2,Stable digital loyalists
105650,0,Established value seekers
105651,2,Stable digital loyalists
105652,0,Established value seekers
105653,2,Stable digital loyalists
105654,3,Premium-sensitive newcomers
105655,3,Premium-sensitive newcomers
105656,2,Stable digital loyalists
105657,3,Premium-sensitive newcomers
105658,0,Established value seekers
105659,3,Premium-sensitive newcomers
105660,2,Stable digital loyalists
105661,0,Established value seekers
105662,3,Premium-sensitive newcomers
105663,3,Premium-sensitive newcomers
105664,3,Premium-sensitive newcomers
105665,2,Stable digital loyalists
105666,0,Established value seekers
105667,3,Premium-sensitive newcomers
105668,0,Established value seekers
105669,1,High-touch risk
105670,2,Stable digital loyalists
105671,2,Stable digital loyalists
105672,0,Established value seekers
105673,1,High-touch risk
105674,1,High-touch risk
105675,1,High-touch risk
105676,0,Established value seekers
105677,2,Stable digital loyalists
105678,2,Stable digital loyalists
105679,2,Stable digital loyalists
105680,0,Established value seekers
105681,1,High-touch risk
105682,0,Established value seekers
105683,1,High-touch risk
105684,1,High-touch risk
105685,0,Established value seekers
105686,1,High-touch risk
105687,0,Established value seekers
105688,0,Established value seekers
105689,2,Stable digital loyalists
105690,3,Premium-sensitive newcomers
105691,0,Established value seekers
105692,2,Stable digital loyalists
105693,0,Established value seekers
105694,3,Premium-sensitive newcomers
105695,3,Premium-sensitive newcomers
105696,2,Stable digital loyalists
105697,1,High-touch risk
105698,1,High-touch risk
105699,0,Established value seekers
105700,3,Premium-sensitive newcomers
105701,0,Established value seekers
105702,3,Premium-sensitive newcomers
105703,0,Established value seekers
105704,2,Stable digital loyalists
105705,2,Stable digital loyalists
105706,2,Stable digital loyalists
105707,3,Premium-sensitive newcomers
105708,0,Established value seekers
105709,0,Established value seekers
105710,3,Premium-sensitive newcomers
105711,2,Stable digital loyalists
105712,0,Established value seekers
105713,1,High-touch risk
105714,2,Stable digital loyalists
105715,2,Stable digital loyalists
105716,2,Stable digital loyalists
105717,1,High-touch risk
105718,1,High-touch risk
105719,3,Premium-sensitive newcomers
105720,0,Established value seekers
105721,1,High-touch risk
105722,1,High-touch risk
105723,1,High-touch risk
105724,3,Premium-sensitive newcomers
105725,2,Stable digital loyalists
105726,1,High-touch risk
105727,3,Premium-sensitive newcomers
105728,1,High-touch risk
105729,3,Premium-sensitive newcomers
105730,1,High-touch risk
105731,2,Stable digital loyalists
105732,3,Premium-sensitive newcomers
105733,2,Stable digital loyalists
105734,0,Established value seekers
105735,1,High-touch risk
105736,3,Premium-sensitive newcomers
105737,1,High-touch risk
105738,3,Premium-sensitive newcomers
105739,3,Premium-sensitive newcomers
105740,2,Stable digital loyalists
105741,1,High-touch risk
105742,3,Premium-sensitive newcomers
105743,2,Stable digital loyalists
105744,3,Premium-sensitive newcomers
105745,3,Premium-sensitive newcomers
105746,3,Premium-sensitive newcomers
105747,2,Stable digital loyalists
105748,3,Premium-sensitive newcomers
105749,2,Stable digital loyalists
105750,0,Established value seekers
105751,3,Premium-sensitive newcomers
105752,3,Premium-sensitive newcomers
105753,2,Stable digital loyalists
105754,3,Premium-sensitive newcomers
105755,3,Premium-sensitive newcomers
105756,0,Established value seekers
105757,1,High-touch risk
105758,3,Premium-sensitive newcomers
105759,1,High-touch risk
105760,0,Established value seekers
105761,1,High-touch risk
105762,3,Premium-sensitive newcomers
105763,0,Established value seekers
105764,0,Established value seekers
105765,2,Stable digital loyalists
105766,0,Established value seekers
105767,3,Premium-sensitive newcomers
105768,2,Stable digital loyalists
105769,3,Premium-sensitive newcomers
105770,2,Stable digital loyalists
105771,2,Stable digital loyalists
105772,0,Established value seekers
105773,3,Premium-sensitive newcomers
105774,3,Premium-sensitive newcomers
105775,3,Premium-sensitive newcomers
105776,0,Established value seekers
105777,0,Established value seekers
105778,3,Premium-sensitive newcomers
105779,0,Established value seekers
105780,2,Stable digital loyalists
105781,3,Premium-sensitive newcomers
105782,0,Established value seekers
105783,2,Stable digital loyalists
105784,3,Premium-sensitive newcomers
105785,1,High-touch risk
105786,2,Stable digital loyalists
105787,2,Stable digital loyalists
105788,2,Stable digital loyalists
105789,0,Established value seekers
105790,0,Established value seekers
105791,2,Stable digital loyalists
105792,1,High-touch risk
105793,0,Established value seekers
105794,3,Premium-sensitive newcomers
105795,1,High-touch risk
105796,0,Established value seekers
105797,3,Premium-sensitive newcomers
105798,0,Established value seekers
105799,0,Established value seekers
105800,0,Established value seekers
105801,3,Premium-sensitive newcomers
105802,0,Established value seekers
105803,0,Established value seekers
105804,2,Stable digital loyalists
105805,1,High-touch risk
105806,3,Premium-sensitive newcomers
105807,3,Premium-sensitive newcomers
105808,0,Established value seekers
105809,2,Stable digital loyalists
105810,1,High-touch risk
105811,0,Established value seekers
105812,2,Stable digital loyalists
105813,0,Established value seekers
105814,3,Premium-sensitive newcomers
105815,0,Established value seekers
105816,3,Premium-sensitive newcomers
105817,2,Stable digital loyalists
105818,1,High-touch risk
105819,0,Established value seekers
105820,2,Stable digital loyalists
105821,1,High-touch risk
105822,0,Established value seekers
105823,1,High-touch risk
105824,1,High-touch risk
105825,3,Premium-sensitive newcomers
105826,0,Established value seekers
105827,0,Established value seekers
105828,1,High-touch risk
105829,1,High-touch risk
105830,0,Established value seekers
105831,1,High-touch risk
105832,0,Established value seekers
105833,0,Established value seekers
105834,1,High-touch risk
105835,2,Stable digital loyalists
105836,1,High-touch risk
105837,3,Premium-sensitive newcomers
105838,0,Established value seekers
105839,1,High-touch risk
105840,3,Premium-sensitive newcomers
105841,0,Established value seekers
105842,1,High-touch risk
105843,1,High-touch risk
105844,2,Stable digital loyalists
105845,0,Established value seekers
105846,2,Stable digital loyalists
105847,0,Established value seekers
105848,0,Established value seekers
105849,2,Stable digital loyalists
105850,3,Premium-sensitive newcomers
105851,0,Established value seekers
105852,2,Stable digital loyalists
105853,3,Premium-sensitive newcomers
105854,2,Stable digital loyalists
105855,3,Premium-sensitive newcomers
105856,1,High-touch risk
105857,2,Stable digital loyalists
105858,1,High-touch risk
105859,2,Stable digital loyalists
105860,1,High-touch risk
105861,3,Premium-sensitive newcomers
105862,0,Established value seekers
105863,1,High-touch risk
105864,3,Premium-sensitive newcomers
105865,0,Established value seekers
105866,1,High-touch risk
105867,2,Stable digital loyalists
105868,3,Premium-sensitive newcomers
105869,1,High-touch risk
105870,3,Premium-sensitive newcomers
105871,3,Premium-sensitive newcomers
105872,0,Established value seekers
105873,0,Established value seekers
105874,3,Premium-sensitive newcomers
105875,0,Established value seekers
105876,2,Stable digital loyalists
105877,3,Premium-sensitive newcomers
105878,1,High-touch risk
105879,2,Stable digital loyalists
105880,0,Established value seekers
105881,2,Stable digital loyalists
105882,2,Stable digital loyalists
105883,2,Stable digital loyalists
105884,0,Established value seekers
105885,2,Stable digital loyalists
105886,3,Premium-sensitive newcomers
105887,3,Premium-sensitive newcomers
105888,3,Premium-sensitive newcomers
105889,0,Established value seekers
105890,2,Stable digital loyalists
105891,0,Established value seekers
105892,1,High-touch risk
105893,1,High-touch risk
105894,0,Established value seekers
105895,2,Stable digital loyalists
105896,2,Stable digital loyalists
105897,3,Premium-sensitive newcomers
105898,2,Stable digital loyalists
105899,0,Established value seekers
105900,3,Premium-sensitive newcomers
105901,1,High-touch risk
105902,2,Stable digital loyalists
105903,0,Established value seekers
105904,3,Premium-sensitive newcomers
105905,0,Established value seekers
105906,0,Established value seekers
105907,0,Established value seekers
105908,2,Stable digital loyalists
105909,2,Stable digital loyalists
105910,3,Premium-sensitive newcomers
105911,2,Stable digital loyalists
105912,0,Established value seekers
105913,1,High-touch risk
105914,1,High-touch risk
105915,3,Premium-sensitive newcomers
105916,2,Stable digital loyalists
105917,0,Established value seekers
105918,0,Established value seekers
105919,0,Established value seekers
105920,0,Established value seekers
105921,3,Premium-sensitive newcomers
105922,2,Stable digital loyalists
105923,0,Established value seekers
105924,3,Premium-sensitive newcomers
105925,0,Established value seekers
105926,1,High-touch risk
105927,2,Stable digital loyalists
105928,1,High-touch risk
105929,0,Established value seekers
105930,3,Premium-sensitive newcomers
105931,0,Established value seekers
105932,2,Stable digital loyalists
105933,0,Established value seekers
105934,2,Stable digital loyalists
105935,2,Stable digital loyalists
105936,0,Established value seekers
105937,1,High-touch risk
105938,3,Premium-sensitive newcomers
105939,1,High-touch risk
105940,1,High-touch risk
105941,2,Stable digital loyalists
105942,0,Established value seekers
105943,2,Stable digital loyalists
105944,0,Established value seekers
105945,3,Premium-sensitive newcomers
105946,2,Stable digital loyalists
105947,3,Premium-sensitive newcomers
105948,2,Stable digital loyalists
105949,2,Stable digital loyalists
105950,2,Stable digital loyalists
105951,1,High-touch risk
105952,3,Premium-sensitive newcomers
105953,0,Established value seekers
105954,0,Established value seekers
105955,3,Premium-sensitive newcomers
105956,1,High-touch risk
105957,0,Established value seekers
105958,3,Premium-sensitive newcomers
105959,1,High-touch risk
105960,2,Stable digital loyalists
105961,2,Stable digital loyalists
105962,0,Established value seekers
105963,3,Premium-sensitive newcomers
105964,3,Premium-sensitive newcomers
105965,3,Premium-sensitive newcomers
105966,2,Stable digital loyalists
105967,3,Premium-sensitive newcomers
105968,3,Premium-sensitive newcomers
105969,3,Premium-sensitive newcomers
105970,3,Premium-sensitive newcomers
105971,0,Established value seekers
105972,1,High-touch risk
105973,3,Premium-sensitive newcomers
105974,3,Premium-sensitive newcomers
105975,3,Premium-sensitive newcomers
105976,3,Premium-sensitive newcomers
105977,3,Premium-sensitive newcomers
105978,1,High-touch risk
105979,3,Premium-sensitive newcomers
105980,0,Established value seekers
105981,3,Premium-sensitive newcomers
105982,1,High-touch risk
105983,1,High-touch risk
105984,3,Premium-sensitive newcomers
105985,0,Established value seekers
105986,0,Established value seekers
105987,3,Premium-sensitive newcomers
105988,3,Premium-sensitive newcomers
105989,1,High-touch risk
105990,3,Premium-sensitive newcomers
105991,1,High-touch risk
105992,1,High-touch risk
105993,2,Stable digital loyalists
105994,1,High-touch risk
105995,0,Established value seekers
105996,0,Established value seekers
105997,1,High-touch risk
105998,0,Established value seekers
105999,0,Established value seekers
106000,0,Established value seekers
106001,3,Premium-sensitive newcomers
106002,1,High-touch risk
106003,3,Premium-sensitive newcomers
106004,1,High-touch risk
106005,0,Established value seekers
106006,0,Established value seekers
106007,3,Premium-sensitive newcomers
106008,3,Premium-sensitive newcomers
106009,0,Established value seekers
106010,0,Established value seekers
106011,3,Premium-sensitive newcomers
106012,2,Stable digital loyalists
106013,3,Premium-sensitive newcomers
106014,2,Stable digital loyalists
106015,1,High-touch risk
106016,3,Premium-sensitive newcomers
106017,1,High-touch risk
106018,0,Established value seekers
106019,0,Established value seekers
106020,3,Premium-sensitive newcomers
106021,3,Premium-sensitive newcomers
106022,1,High-touch risk
106023,2,Stable digital loyalists
106024,3,Premium-sensitive newcomers
106025,2,Stable digital loyalists
106026,3,Premium-sensitive newcomers
106027,1,High-touch risk
106028,3,Premium-sensitive newcomers
106029,0,Established value seekers
106030,2,Stable digital loyalists
106031,0,Established value seekers
106032,2,Stable digital loyalists
106033,2,Stable digital loyalists
106034,3,Premium-sensitive newcomers
106035,1,High-touch risk
106036,2,Stable digital loyalists
106037,1,High-touch risk
106038,0,Established value seekers
106039,1,High-touch risk
106040,1,High-touch risk
106041,1,High-touch risk
106042,3,Premium-sensitive newcomers
106043,0,Established value seekers
106044,1,High-touch risk
106045,3,Premium-sensitive newcomers
106046,3,Premium-sensitive newcomers
106047,3,Premium-sensitive newcomers
106048,1,High-touch risk
106049,1,High-touch risk
106050,3,Premium-sensitive newcomers
106051,1,High-touch risk
106052,3,Premium-sensitive newcomers
106053,0,Established value seekers
106054,3,Premium-sensitive newcomers
106055,2,Stable digital loyalists
106056,1,High-touch risk
106057,0,Established value seekers
106058,1,High-touch risk
106059,3,Premium-sensitive newcomers
106060,2,Stable digital loyalists
106061,0,Established value seekers
106062,0,Established value seekers
106063,1,High-touch risk
106064,3,Premium-sensitive newcomers
106065,1,High-touch risk
106066,0,Established value seekers
106067,3,Premium-sensitive newcomers
106068,1,High-touch risk
106069,2,Stable digital loyalists
106070,2,Stable digital loyalists
106071,2,Stable digital loyalists
106072,3,Premium-sensitive newcomers
106073,3,Premium-sensitive newcomers
106074,3,Premium-sensitive newcomers
106075,3,Premium-sensitive newcomers
106076,0,Established value seekers
106077,2,Stable digital loyalists
106078,0,Established value seekers
106079,3,Premium-sensitive newcomers
106080,2,Stable digital loyalists
106081,2,Stable digital loyalists
106082,3,Premium-sensitive newcomers
106083,1,High-touch risk
106084,1,High-touch risk
106085,1,High-touch risk
106086,3,Premium-sensitive newcomers
106087,0,Established value seekers
106088,2,Stable digital loyalists
106089,0,Established value seekers
106090,1,High-touch risk
106091,3,Premium-sensitive newcomers
106092,2,Stable digital loyalists
106093,1,High-touch risk
106094,1,High-touch risk
106095,3,Premium-sensitive newcomers
106096,3,Premium-sensitive newcomers
106097,0,Established value seekers
106098,2,Stable digital loyalists
106099,3,Premium-sensitive newcomers
106100,2,Stable digital loyalists
106101,3,Premium-sensitive newcomers
106102,3,Premium-sensitive newcomers
106103,3,Premium-sensitive newcomers
106104,0,Established value seekers
106105,2,Stable digital loyalists
106106,2,Stable digital loyalists
106107,2,Stable digital loyalists
106108,2,Stable digital loyalists
106109,2,Stable digital loyalists
106110,0,Established value seekers
106111,0,Established value seekers
106112,3,Premium-sensitive newcomers
106113,3,Premium-sensitive newcomers
106114,3,Premium-sensitive newcomers
106115,1,High-touch risk
106116,2,Stable digital loyalists
106117,2,Stable digital loyalists
106118,3,Premium-sensitive newcomers
106119,2,Stable digital loyalists
106120,3,Premium-sensitive newcomers
106121,3,Premium-sensitive newcomers
106122,1,High-touch risk
106123,2,Stable digital loyalists
106124,3,Premium-sensitive newcomers
106125,1,High-touch risk
106126,1,High-touch risk
106127,2,Stable digital loyalists
106128,3,Premium-sensitive newcomers
106129,0,Established value seekers
106130,0,Established value seekers
106131,2,Stable digital loyalists
106132,3,Premium-sensitive newcomers
106133,2,Stable digital loyalists
106134,2,Stable digital loyalists
106135,3,Premium-sensitive newcomers
106136,2,Stable digital loyalists
106137,2,Stable digital loyalists
106138,1,High-touch risk
106139,0,Established value seekers
106140,0,Established value seekers
106141,2,Stable digital loyalists
106142,0,Established value seekers
106143,0,Established value seekers
106144,3,Premium-sensitive newcomers
106145,1,High-touch risk
106146,0,Established value seekers
106147,2,Stable digital loyalists
106148,3,Premium-sensitive newcomers
106149,0,Established value seekers
106150,3,Premium-sensitive newcomers
106151,1,High-touch risk
106152,1,High-touch risk
106153,0,Established value seekers
106154,2,Stable digital loyalists
106155,1,High-touch risk
106156,3,Premium-sensitive newcomers
106157,3,Premium-sensitive newcomers
106158,2,Stable digital loyalists
106159,3,Premium-sensitive newcomers
106160,2,Stable digital loyalists
106161,1,High-touch risk
106162,2,Stable digital loyalists
106163,2,Stable digital loyalists
106164,0,Established value seekers
106165,1,High-touch risk
106166,0,Established value seekers
106167,2,Stable digital loyalists
106168,0,Established value seekers
106169,1,High-touch risk
106170,0,Established value seekers
106171,3,Premium-sensitive newcomers
106172,2,Stable digital loyalists
106173,3,Premium-sensitive newcomers
106174,0,Established value seekers
106175,0,Established value seekers
106176,3,Premium-sensitive newcomers
106177,0,Established value seekers
106178,2,Stable digital loyalists
106179,0,Established value seekers
106180,3,Premium-sensitive newcomers
106181,0,Established value seekers
106182,1,High-touch risk
106183,0,Established value seekers
106184,3,Premium-sensitive newcomers
106185,0,Established value seekers
106186,1,High-touch risk
106187,0,Established value seekers
106188,2,Stable digital loyalists
106189,2,Stable digital loyalists
106190,3,Premium-sensitive newcomers
106191,3,Premium-sensitive newcomers
106192,0,Established value seekers
106193,2,Stable digital loyalists
106194,3,Premium-sensitive newcomers
106195,1,High-touch risk
106196,3,Premium-sensitive newcomers
106197,1,High-touch risk
106198,1,High-touch risk
106199,3,Premium-sensitive newcomers
106200,0,Established value seekers
106201,2,Stable digital loyalists
106202,1,High-touch risk
106203,1,High-touch risk
106204,3,Premium-sensitive newcomers
106205,3,Premium-sensitive newcomers
106206,2,Stable digital loyalists
106207,2,Stable digital loyalists
106208,1,High-touch risk
106209,0,Established value seekers
106210,1,High-touch risk
106211,3,Premium-sensitive newcomers
106212,1,High-touch risk
106213,0,Established value seekers
106214,0,Established value seekers
106215,3,Premium-sensitive newcomers
106216,1,High-touch risk
106217,1,High-touch risk
106218,3,Premium-sensitive newcomers
106219,3,Premium-sensitive newcomers
106220,3,Premium-sensitive newcomers
106221,0,Established value seekers
106222,1,High-touch risk
106223,0,Established value seekers
106224,0,Established value seekers
106225,3,Premium-sensitive newcomers
106226,2,Stable digital loyalists
106227,2,Stable digital loyalists
106228,1,High-touch risk
106229,1,High-touch risk
106230,1,High-touch risk
106231,3,Premium-sensitive newcomers
106232,1,High-touch risk
106233,3,Premium-sensitive newcomers
106234,0,Established value seekers
106235,2,Stable digital loyalists
106236,2,Stable digital loyalists
106237,1,High-touch risk
106238,1,High-touch risk
106239,2,Stable digital loyalists
106240,3,Premium-sensitive newcomers
106241,2,Stable digital loyalists
106242,1,High-touch risk
106243,3,Premium-sensitive newcomers
106244,2,Stable digital loyalists
106245,2,Stable digital loyalists
106246,1,High-touch risk
106247,3,Premium-sensitive newcomers
106248,0,Established value seekers
106249,1,High-touch risk
106250,3,Premium-sensitive newcomers
106251,2,Stable digital loyalists
106252,1,High-touch risk
106253,0,Established value seekers
106254,0,Established value seekers
106255,0,Established value seekers
106256,3,Premium-sensitive newcomers
106257,3,Premium-sensitive newcomers
106258,1,High-touch risk
106259,1,High-touch risk
106260,0,Established value seekers
106261,2,Stable digital loyalists
106262,0,Established value seekers
106263,1,High-touch risk
106264,0,Established value seekers
106265,1,High-touch risk
106266,0,Established value seekers
106267,1,High-touch risk
106268,1,High-touch risk
106269,3,Premium-sensitive newcomers
106270,1,High-touch risk
106271,0,Established value seekers
106272,0,Established value seekers
106273,3,Premium-sensitive newcomers
106274,3,Premium-sensitive newcomers
106275,1,High-touch risk
106276,3,Premium-sensitive newcomers
106277,0,Established value seekers
106278,2,Stable digital loyalists
106279,3,Premium-sensitive newcomers
106280,2,Stable digital loyalists
106281,1,High-touch risk
106282,2,Stable digital loyalists
106283,0,Established value seekers
106284,3,Premium-sensitive newcomers
106285,0,Established value seekers
106286,2,Stable digital loyalists
106287,0,Established value seekers
106288,2,Stable digital loyalists
106289,2,Stable digital loyalists
106290,2,Stable digital loyalists
106291,1,High-touch risk
106292,0,Established value seekers
106293,0,Established value seekers
106294,3,Premium-sensitive newcomers
106295,3,Premium-sensitive newcomers
106296,3,Premium-sensitive newcomers
106297,0,Established value seekers
106298,1,High-touch risk
106299,0,Established value seekers
106300,3,Premium-sensitive newcomers
106301,2,Stable digital loyalists
106302,3,Premium-sensitive newcomers
106303,1,High-touch risk
106304,3,Premium-sensitive newcomers
106305,0,Established value seekers
106306,1,High-touch risk
106307,1,High-touch risk
106308,3,Premium-sensitive newcomers
106309,3,Premium-sensitive newcomers
106310,3,Premium-sensitive newcomers
106311,0,Established value seekers
106312,2,Stable digital loyalists
106313,0,Established value seekers
106314,1,High-touch risk
106315,3,Premium-sensitive newcomers
106316,0,Established value seekers
106317,2,Stable digital loyalists
106318,1,High-touch risk
106319,3,Premium-sensitive newcomers
106320,3,Premium-sensitive newcomers
106321,2,Stable digital loyalists
106322,3,Premium-sensitive newcomers
106323,3,Premium-sensitive newcomers
106324,3,Premium-sensitive newcomers
106325,1,High-touch risk
106326,2,Stable digital loyalists
106327,2,Stable digital loyalists
106328,3,Premium-sensitive newcomers
106329,0,Established value seekers
106330,1,High-touch risk
106331,0,Established value seekers
106332,3,Premium-sensitive newcomers
106333,2,Stable digital loyalists
106334,0,Established value seekers
106335,3,Premium-sensitive newcomers
106336,3,Premium-sensitive newcomers
106337,0,Established value seekers
106338,1,High-touch risk
106339,0,Established value seekers
106340,2,Stable digital loyalists
106341,3,Premium-sensitive newcomers
106342,0,Established value seekers
106343,3,Premium-sensitive newcomers
106344,3,Premium-sensitive newcomers
106345,0,Established value seekers
106346,1,High-touch risk
106347,3,Premium-sensitive newcomers
106348,3,Premium-sensitive newcomers
106349,1,High-touch risk
106350,1,High-touch risk
106351,0,Established value seekers
106352,2,Stable digital loyalists
106353,0,Established value seekers
106354,0,Established value seekers
106355,3,Premium-sensitive newcomers
106356,2,Stable digital loyalists
106357,0,Established value seekers
106358,1,High-touch risk
106359,1,High-touch risk
106360,0,Established value seekers
106361,2,Stable digital loyalists
106362,3,Premium-sensitive newcomers
106363,0,Established value seekers
106364,0,Established value seekers
106365,3,Premium-sensitive newcomers
106366,1,High-touch risk
106367,3,Premium-sensitive newcomers
106368,1,High-touch risk
106369,0,Established value seekers
106370,3,Premium-sensitive newcomers
106371,0,Established value seekers
106372,1,High-touch risk
106373,1,High-touch risk
106374,3,Premium-sensitive newcomers
106375,3,Premium-sensitive newcomers
106376,3,Premium-sensitive newcomers
106377,0,Established value seekers
106378,0,Established value seekers
106379,0,Established value seekers
106380,0,Established value seekers
106381,0,Established value seekers
106382,2,Stable digital loyalists
106383,1,High-touch risk
106384,0,Established value seekers
106385,3,Premium-sensitive newcomers
106386,1,High-touch risk
106387,3,Premium-sensitive newcomers
106388,2,Stable digital loyalists
106389,2,Stable digital loyalists
106390,1,High-touch risk
106391,2,Stable digital loyalists
106392,3,Premium-sensitive newcomers
106393,2,Stable digital loyalists
106394,1,High-touch risk
106395,1,High-touch risk
106396,2,Stable digital loyalists
106397,0,Established value seekers
106398,3,Premium-sensitive newcomers
106399,1,High-touch risk
106400,2,Stable digital loyalists
106401,3,Premium-sensitive newcomers
106402,2,Stable digital loyalists
106403,0,Established value seekers
106404,2,Stable digital loyalists
106405,0,Established value seekers
106406,3,Premium-sensitive newcomers
106407,3,Premium-sensitive newcomers
106408,1,High-touch risk
106409,1,High-touch risk
106410,1,High-touch risk
106411,1,High-touch risk
106412,0,Established value seekers
106413,3,Premium-sensitive newcomers
106414,0,Established value seekers
106415,3,Premium-sensitive newcomers
106416,0,Established value seekers
106417,1,High-touch risk
106418,1,High-touch risk
106419,2,Stable digital loyalists
106420,3,Premium-sensitive newcomers
106421,0,Established value seekers
106422,2,Stable digital loyalists
106423,1,High-touch risk
106424,1,High-touch risk
106425,3,Premium-sensitive newcomers
106426,2,Stable digital loyalists
106427,3,Premium-sensitive newcomers
106428,1,High-touch risk
106429,1,High-touch risk
106430,0,Established value seekers
106431,3,Premium-sensitive newcomers
106432,0,Established value seekers
106433,1,High-touch risk
106434,2,Stable digital loyalists
106435,0,Established value seekers
106436,2,Stable digital loyalists
106437,2,Stable digital loyalists
106438,1,High-touch risk
106439,2,Stable digital loyalists
106440,1,High-touch risk
106441,3,Premium-sensitive newcomers
106442,2,Stable digital loyalists
106443,2,Stable digital loyalists
106444,1,High-touch risk
106445,2,Stable digital loyalists
106446,0,Established value seekers
106447,2,Stable digital loyalists
106448,0,Established value seekers
106449,0,Established value seekers
106450,3,Premium-sensitive newcomers
106451,3,Premium-sensitive newcomers
106452,1,High-touch risk
106453,0,Established value seekers
106454,3,Premium-sensitive newcomers
106455,3,Premium-sensitive newcomers
106456,0,Established value seekers
106457,0,Established value seekers
106458,3,Premium-sensitive newcomers
106459,0,Established value seekers
106460,3,Premium-sensitive newcomers
106461,2,Stable digital loyalists
106462,0,Established value seekers
106463,1,High-touch risk
106464,2,Stable digital loyalists
106465,2,Stable digital loyalists
106466,0,Established value seekers
106467,3,Premium-sensitive newcomers
106468,2,Stable digital loyalists
106469,2,Stable digital loyalists
106470,1,High-touch risk
106471,1,High-touch risk
106472,1,High-touch risk
106473,0,Established value seekers
106474,1,High-touch risk
106475,0,Established value seekers
106476,2,Stable digital loyalists
106477,3,Premium-sensitive newcomers
106478,2,Stable digital loyalists
106479,2,Stable digital loyalists
106480,1,High-touch risk
106481,0,Established value seekers
106482,2,Stable digital loyalists
106483,2,Stable digital loyalists
106484,1,High-touch risk
106485,3,Premium-sensitive newcomers
106486,3,Premium-sensitive newcomers
106487,0,Established value seekers
106488,3,Premium-sensitive newcomers
106489,1,High-touch risk
106490,2,Stable digital loyalists
106491,2,Stable digital loyalists
106492,2,Stable digital loyalists
106493,0,Established value seekers
106494,0,Established value seekers
106495,3,Premium-sensitive newcomers
106496,2,Stable digital loyalists
106497,3,Premium-sensitive newcomers
106498,1,High-touch risk
106499,0,Established value seekers
106500,3,Premium-sensitive newcomers
106501,1,High-touch risk
106502,2,Stable digital loyalists
106503,1,High-touch risk
106504,0,Established value seekers
106505,1,High-touch risk
106506,3,Premium-sensitive newcomers
106507,3,Premium-sensitive newcomers
106508,3,Premium-sensitive newcomers
106509,0,Established value seekers
106510,2,Stable digital loyalists
106511,0,Established value seekers
106512,0,Established value seekers
106513,0,Established value seekers
106514,1,High-touch risk
106515,3,Premium-sensitive newcomers
106516,0,Established value seekers
106517,3,Premium-sensitive newcomers
106518,2,Stable digital loyalists
106519,0,Established value seekers
106520,3,Premium-sensitive newcomers
106521,0,Established value seekers
106522,3,Premium-sensitive newcomers
106523,2,Stable digital loyalists
106524,1,High-touch risk
106525,3,Premium-sensitive newcomers
106526,3,Premium-sensitive newcomers
106527,2,Stable digital loyalists
106528,1,High-touch risk
106529,0,Established value seekers
106530,0,Established value seekers
106531,3,Premium-sensitive newcomers
106532,3,Premium-sensitive newcomers
106533,3,Premium-sensitive newcomers
106534,1,High-touch risk
106535,1,High-touch risk
106536,3,Premium-sensitive newcomers
106537,0,Established value seekers
106538,3,Premium-sensitive newcomers
106539,1,High-touch risk
106540,0,Established value seekers
106541,0,Established value seekers
106542,2,Stable digital loyalists
106543,3,Premium-sensitive newcomers
106544,0,Established value seekers
106545,0,Established value seekers
106546,2,Stable digital loyalists
106547,1,High-touch risk
106548,0,Established value seekers
106549,3,Premium-sensitive newcomers
106550,0,Established value seekers
106551,1,High-touch risk
106552,0,Established value seekers
106553,3,Premium-sensitive newcomers
106554,1,High-touch risk
106555,3,Premium-sensitive newcomers
106556,0,Established value seekers
106557,1,High-touch risk
106558,3,Premium-sensitive newcomers
106559,3,Premium-sensitive newcomers
106560,0,Established value seekers
106561,2,Stable digital loyalists
106562,1,High-touch risk
106563,0,Established value seekers
106564,0,Established value seekers
106565,1,High-touch risk
106566,3,Premium-sensitive newcomers
106567,0,Established value seekers
106568,3,Premium-sensitive newcomers
106569,3,Premium-sensitive newcomers
106570,0,Established value seekers
106571,3,Premium-sensitive newcomers
106572,3,Premium-sensitive newcomers
106573,3,Premium-sensitive newcomers
106574,1,High-touch risk
106575,1,High-touch risk
106576,0,Established value seekers
106577,0,Established value seekers
106578,2,Stable digital loyalists
106579,0,Established value seekers
106580,3,Premium-sensitive newcomers
106581,1,High-touch risk
106582,3,Premium-sensitive newcomers
106583,1,High-touch risk
106584,1,High-touch risk
106585,0,Established value seekers
106586,3,Premium-sensitive newcomers
106587,2,Stable digital loyalists
106588,0,Established value seekers
106589,2,Stable digital loyalists
106590,1,High-touch risk
106591,1,High-touch risk
106592,1,High-touch risk
106593,3,Premium-sensitive newcomers
106594,1,High-touch risk
106595,2,Stable digital loyalists
106596,3,Premium-sensitive newcomers
106597,2,Stable digital loyalists
106598,1,High-touch risk
106599,0,Established value seekers
106600,0,Established value seekers
106601,2,Stable digital loyalists
106602,0,Established value seekers
106603,0,Established value seekers
106604,3,Premium-sensitive newcomers
106605,0,Established value seekers
106606,2,Stable digital loyalists
106607,1,High-touch risk
106608,3,Premium-sensitive newcomers
106609,3,Premium-sensitive newcomers
106610,3,Premium-sensitive newcomers
106611,2,Stable digital loyalists
106612,3,Premium-sensitive newcomers
106613,1,High-touch risk
106614,2,Stable digital loyalists
106615,3,Premium-sensitive newcomers
106616,2,Stable digital loyalists
106617,2,Stable digital loyalists
106618,2,Stable digital loyalists
106619,0,Established value seekers
106620,0,Established value seekers
106621,3,Premium-sensitive newcomers
106622,1,High-touch risk
106623,1,High-touch risk
106624,3,Premium-sensitive newcomers
106625,3,Premium-sensitive newcomers
106626,3,Premium-sensitive newcomers
106627,0,Established value seekers
106628,3,Premium-sensitive newcomers
106629,3,Premium-sensitive newcomers
106630,3,Premium-sensitive newcomers
106631,1,High-touch risk
106632,0,Established value seekers
106633,1,High-touch risk
106634,0,Established value seekers
106635,1,High-touch risk
106636,0,Established value seekers
106637,2,Stable digital loyalists
106638,0,Established value seekers
106639,1,High-touch risk
106640,1,High-touch risk
106641,1,High-touch risk
106642,2,Stable digital loyalists
106643,3,Premium-sensitive newcomers
106644,1,High-touch risk
106645,1,High-touch risk
106646,3,Premium-sensitive newcomers
106647,3,Premium-sensitive newcomers
106648,0,Established value seekers
106649,1,High-touch risk
106650,0,Established value seekers
106651,3,Premium-sensitive newcomers
106652,3,Premium-sensitive newcomers
106653,3,Premium-sensitive newcomers
106654,1,High-touch risk
106655,1,High-touch risk
106656,3,Premium-sensitive newcomers
106657,3,Premium-sensitive newcomers
106658,3,Premium-sensitive newcomers
106659,2,Stable digital loyalists
106660,2,Stable digital loyalists
106661,3,Premium-sensitive newcomers
106662,1,High-touch risk
106663,1,High-touch risk
106664,0,Established value seekers
106665,0,Established value seekers
106666,0,Established value seekers
106667,2,Stable digital loyalists
106668,3,Premium-sensitive newcomers
106669,1,High-touch risk
106670,3,Premium-sensitive newcomers
106671,0,Established value seekers
106672,1,High-touch risk
106673,0,Established value seekers
106674,1,High-touch risk
106675,1,High-touch risk
106676,2,Stable digital loyalists
106677,0,Established value seekers
106678,1,High-touch risk
106679,2,Stable digital loyalists
106680,1,High-touch risk
106681,3,Premium-sensitive newcomers
106682,3,Premium-sensitive newcomers
106683,3,Premium-sensitive newcomers
106684,2,Stable digital loyalists
106685,2,Stable digital loyalists
106686,1,High-touch risk
106687,2,Stable digital loyalists
106688,0,Established value seekers
106689,0,Established value seekers
106690,0,Established value seekers
106691,3,Premium-sensitive newcomers
106692,1,High-touch risk
106693,0,Established value seekers
106694,0,Established value seekers
106695,3,Premium-sensitive newcomers
106696,3,Premium-sensitive newcomers
106697,3,Premium-sensitive newcomers
106698,2,Stable digital loyalists
106699,1,High-touch risk
106700,0,Established value seekers
106701,2,Stable digital loyalists
106702,2,Stable digital loyalists
106703,3,Premium-sensitive newcomers
106704,2,Stable digital loyalists
106705,0,Established value seekers
106706,3,Premium-sensitive newcomers
106707,1,High-touch risk
106708,0,Established value seekers
106709,2,Stable digital loyalists
106710,2,Stable digital loyalists
106711,3,Premium-sensitive newcomers
106712,2,Stable digital loyalists
106713,1,High-touch risk
106714,3,Premium-sensitive newcomers
106715,1,High-touch risk
106716,0,Established value seekers
106717,0,Established value seekers
106718,3,Premium-sensitive newcomers
106719,3,Premium-sensitive newcomers
106720,0,Established value seekers
106721,3,Premium-sensitive newcomers
106722,3,Premium-sensitive newcomers
106723,1,High-touch risk
106724,0,Established value seekers
106725,3,Premium-sensitive newcomers
106726,1,High-touch risk
106727,2,Stable digital loyalists
106728,2,Stable digital loyalists
106729,0,Established value seekers
106730,1,High-touch risk
106731,2,Stable digital loyalists
106732,0,Established value seekers
106733,2,Stable digital loyalists
106734,1,High-touch risk
106735,1,High-touch risk
106736,2,Stable digital loyalists
106737,1,High-touch risk
106738,3,Premium-sensitive newcomers
106739,3,Premium-sensitive newcomers
106740,3,Premium-sensitive newcomers
106741,0,Established value seekers
106742,1,High-touch risk
106743,1,High-touch risk
106744,3,Premium-sensitive newcomers
106745,2,Stable digital loyalists
106746,1,High-touch risk
106747,0,Established value seekers
106748,0,Established value seekers
106749,2,Stable digital loyalists
106750,3,Premium-sensitive newcomers
106751,0,Established value seekers
106752,2,Stable digital loyalists
106753,1,High-touch risk
106754,0,Established value seekers
106755,0,Established value seekers
106756,0,Established value seekers
106757,0,Established value seekers
106758,2,Stable digital loyalists
106759,1,High-touch risk
106760,3,Premium-sensitive newcomers
106761,1,High-touch risk
106762,2,Stable digital loyalists
106763,3,Premium-sensitive newcomers
106764,3,Premium-sensitive newcomers
106765,3,Premium-sensitive newcomers
106766,0,Established value seekers
106767,2,Stable digital loyalists
106768,2,Stable digital loyalists
106769,0,Established value seekers
106770,3,Premium-sensitive newcomers
106771,2,Stable digital loyalists
106772,2,Stable digital loyalists
106773,1,High-touch risk
106774,3,Premium-sensitive newcomers
106775,2,Stable digital loyalists
106776,3,Premium-sensitive newcomers
106777,1,High-touch risk
106778,3,Premium-sensitive newcomers
106779,3,Premium-sensitive newcomers
106780,2,Stable digital loyalists
106781,1,High-touch risk
106782,3,Premium-sensitive newcomers
106783,0,Established value seekers
106784,1,High-touch risk
106785,0,Established value seekers
106786,3,Premium-sensitive newcomers
106787,0,Established value seekers
106788,3,Premium-sensitive newcomers
106789,2,Stable digital loyalists
106790,0,Established value seekers
106791,0,Established value seekers
106792,0,Established value seekers
106793,1,High-touch risk
106794,1,High-touch risk
106795,3,Premium-sensitive newcomers
106796,3,Premium-sensitive newcomers
106797,0,Established value seekers
106798,1,High-touch risk
106799,0,Established value seekers
106800,0,Established value seekers
106801,3,Premium-sensitive newcomers
106802,1,High-touch risk
106803,3,Premium-sensitive newcomers
106804,3,Premium-sensitive newcomers
106805,3,Premium-sensitive newcomers
106806,0,Established value seekers
106807,3,Premium-sensitive newcomers
106808,3,Premium-sensitive newcomers
106809,0,Established value seekers
106810,1,High-touch risk
106811,1,High-touch risk
106812,2,Stable digital loyalists
106813,0,Established value seekers
106814,2,Stable digital loyalists
106815,1,High-touch risk
106816,1,High-touch risk
106817,3,Premium-sensitive newcomers
106818,2,Stable digital loyalists
106819,1,High-touch risk
106820,3,Premium-sensitive newcomers
106821,1,High-touch risk
106822,0,Established value seekers
106823,1,High-touch risk
106824,2,Stable digital loyalists
106825,1,High-touch risk
106826,3,Premium-sensitive newcomers
106827,1,High-touch risk
106828,0,Established value seekers
106829,2,Stable digital loyalists
106830,3,Premium-sensitive newcomers
106831,3,Premium-sensitive newcomers
106832,2,Stable digital loyalists
106833,3,Premium-sensitive newcomers
106834,1,High-touch risk
106835,2,Stable digital loyalists
106836,1,High-touch risk
106837,2,Stable digital loyalists
106838,2,Stable digital loyalists
106839,1,High-touch risk
106840,1,High-touch risk
106841,3,Premium-sensitive newcomers
106842,0,Established value seekers
106843,2,Stable digital loyalists
106844,3,Premium-sensitive newcomers
106845,3,Premium-sensitive newcomers
106846,1,High-touch risk
106847,1,High-touch risk
106848,1,High-touch risk
106849,1,High-touch risk
106850,2,Stable digital loyalists
106851,3,Premium-sensitive newcomers
106852,2,Stable digital loyalists
106853,3,Premium-sensitive newcomers
106854,3,Premium-sensitive newcomers
106855,3,Premium-sensitive newcomers
106856,1,High-touch risk
106857,3,Premium-sensitive newcomers
106858,0,Established value seekers
106859,0,Established value seekers
106860,0,Established value seekers
106861,3,Premium-sensitive newcomers
106862,1,High-touch risk
106863,3,Premium-sensitive newcomers
106864,3,Premium-sensitive newcomers
106865,3,Premium-sensitive newcomers
106866,0,Established value seekers
106867,2,Stable digital loyalists
106868,3,Premium-sensitive newcomers
106869,3,Premium-sensitive newcomers
106870,2,Stable digital loyalists
106871,0,Established value seekers
106872,1,High-touch risk
106873,3,Premium-sensitive newcomers
106874,1,High-touch risk
106875,1,High-touch risk
106876,3,Premium-sensitive newcomers
106877,1,High-touch risk
106878,3,Premium-sensitive newcomers
106879,1,High-touch risk
106880,0,Established value seekers
106881,0,Established value seekers
106882,2,Stable digital loyalists
106883,3,Premium-sensitive newcomers
106884,1,High-touch risk
106885,1,High-touch risk
106886,2,Stable digital loyalists
106887,0,Established value seekers
106888,2,Stable digital loyalists
106889,2,Stable digital loyalists
106890,2,Stable digital loyalists
106891,0,Established value seekers
106892,0,Established value seekers
106893,3,Premium-sensitive newcomers
106894,1,High-touch risk
106895,0,Established value seekers
106896,2,Stable digital loyalists
106897,0,Established value seekers
106898,1,High-touch risk
106899,0,Established value seekers
106900,3,Premium-sensitive newcomers
106901,0,Established value seekers
106902,3,Premium-sensitive newcomers
106903,3,Premium-sensitive newcomers
106904,3,Premium-sensitive newcomers
106905,3,Premium-sensitive newcomers
106906,2,Stable digital loyalists
106907,1,High-touch risk
106908,3,Premium-sensitive newcomers
106909,1,High-touch risk
106910,2,Stable digital loyalists
106911,1,High-touch risk
106912,2,Stable digital loyalists
106913,1,High-touch risk
106914,3,Premium-sensitive newcomers
106915,1,High-touch risk
106916,3,Premium-sensitive newcomers
106917,3,Premium-sensitive newcomers
106918,3,Premium-sensitive newcomers
106919,2,Stable digital loyalists
106920,3,Premium-sensitive newcomers
106921,2,Stable digital loyalists
106922,0,Established value seekers
106923,3,Premium-sensitive newcomers
106924,0,Established value seekers
106925,0,Established value seekers
106926,2,Stable digital loyalists
106927,2,Stable digital loyalists
106928,1,High-touch risk
106929,0,Established value seekers
106930,3,Premium-sensitive newcomers
106931,3,Premium-sensitive newcomers
106932,2,Stable digital loyalists
106933,0,Established value seekers
106934,3,Premium-sensitive newcomers
106935,3,Premium-sensitive newcomers
106936,3,Premium-sensitive newcomers
106937,0,Established value seekers
106938,2,Stable digital loyalists
106939,2,Stable digital loyalists
106940,3,Premium-sensitive newcomers
106941,0,Established value seekers
106942,1,High-touch risk
106943,2,Stable digital loyalists
106944,0,Established value seekers
106945,3,Premium-sensitive newcomers
106946,3,Premium-sensitive newcomers
106947,2,Stable digital loyalists
106948,2,Stable digital loyalists
106949,0,Established value seekers
106950,0,Established value seekers
106951,1,High-touch risk
106952,3,Premium-sensitive newcomers
106953,1,High-touch risk
106954,2,Stable digital loyalists
106955,1,High-touch risk
106956,2,Stable digital loyalists
106957,0,Established value seekers
106958,0,Established value seekers
106959,2,Stable digital loyalists
106960,2,Stable digital loyalists
106961,3,Premium-sensitive newcomers
106962,1,High-touch risk
106963,3,Premium-sensitive newcomers
106964,0,Established value seekers
106965,2,Stable digital loyalists
106966,1,High-touch risk
106967,3,Premium-sensitive newcomers
106968,0,Established value seekers
106969,2,Stable digital loyalists
106970,0,Established value seekers
106971,2,Stable digital loyalists
106972,1,High-touch risk
106973,1,High-touch risk
106974,1,High-touch risk
106975,3,Premium-sensitive newcomers
106976,0,Established value seekers
106977,0,Established value seekers
106978,2,Stable digital loyalists
106979,1,High-touch risk
106980,3,Premium-sensitive newcomers
106981,2,Stable digital loyalists
106982,1,High-touch risk
106983,3,Premium-sensitive newcomers
106984,1,High-touch risk
106985,0,Established value seekers
106986,1,High-touch risk
106987,1,High-touch risk
106988,0,Established value seekers
106989,2,Stable digital loyalists
106990,2,Stable digital loyalists
106991,2,Stable digital loyalists
106992,2,Stable digital loyalists
106993,0,Established value seekers
106994,2,Stable digital loyalists
106995,1,High-touch risk
106996,3,Premium-sensitive newcomers
106997,1,High-touch risk
106998,1,High-touch risk
106999,0,Established value seekers
107000,2,Stable digital loyalists
107001,3,Premium-sensitive newcomers
107002,0,Established value seekers
107003,1,High-touch risk
107004,1,High-touch risk
107005,1,High-touch risk
107006,2,Stable digital loyalists
107007,3,Premium-sensitive newcomers
107008,2,Stable digital loyalists
107009,1,High-touch risk
107010,2,Stable digital loyalists
107011,3,Premium-sensitive newcomers
107012,2,Stable digital loyalists
107013,2,Stable digital loyalists
107014,1,High-touch risk
107015,2,Stable digital loyalists
107016,3,Premium-sensitive newcomers
107017,0,Established value seekers
107018,2,Stable digital loyalists
107019,3,Premium-sensitive newcomers
107020,1,High-touch risk
107021,3,Premium-sensitive newcomers
107022,0,Established value seekers
107023,0,Established value seekers
107024,0,Established value seekers
107025,1,High-touch risk
107026,3,Premium-sensitive newcomers
107027,2,Stable digital loyalists
107028,0,Established value seekers
107029,3,Premium-sensitive newcomers
107030,1,High-touch risk
107031,1,High-touch risk
107032,3,Premium-sensitive newcomers
107033,1,High-touch risk
107034,0,Established value seekers
107035,3,Premium-sensitive newcomers
107036,3,Premium-sensitive newcomers
107037,1,High-touch risk
107038,2,Stable digital loyalists
107039,3,Premium-sensitive newcomers
107040,3,Premium-sensitive newcomers
107041,2,Stable digital loyalists
107042,0,Established value seekers
107043,2,Stable digital loyalists
107044,0,Established value seekers
107045,2,Stable digital loyalists
107046,3,Premium-sensitive newcomers
107047,2,Stable digital loyalists
107048,2,Stable digital loyalists
107049,2,Stable digital loyalists
107050,1,High-touch risk
107051,1,High-touch risk
107052,2,Stable digital loyalists
107053,1,High-touch risk
107054,1,High-touch risk
107055,1,High-touch risk
107056,2,Stable digital loyalists
107057,3,Premium-sensitive newcomers
107058,3,Premium-sensitive newcomers
107059,2,Stable digital loyalists
107060,1,High-touch risk
107061,1,High-touch risk
107062,1,High-touch risk
107063,0,Established value seekers
107064,0,Established value seekers
107065,1,High-touch risk
107066,1,High-touch risk
107067,2,Stable digital loyalists
107068,1,High-touch risk
107069,2,Stable digital loyalists
107070,3,Premium-sensitive newcomers
107071,1,High-touch risk
107072,1,High-touch risk
107073,2,Stable digital loyalists
107074,2,Stable digital loyalists
107075,0,Established value seekers
107076,1,High-touch risk
107077,3,Premium-sensitive newcomers
107078,3,Premium-sensitive newcomers
107079,0,Established value seekers
107080,3,Premium-sensitive newcomers
107081,0,Established value seekers
107082,2,Stable digital loyalists
107083,0,Established value seekers
107084,3,Premium-sensitive newcomers
107085,0,Established value seekers
107086,3,Premium-sensitive newcomers
107087,3,Premium-sensitive newcomers
107088,1,High-touch risk
107089,1,High-touch risk
107090,0,Established value seekers
107091,0,Established value seekers
107092,1,High-touch risk
107093,2,Stable digital loyalists
107094,3,Premium-sensitive newcomers
107095,1,High-touch risk
107096,2,Stable digital loyalists
107097,3,Premium-sensitive newcomers
107098,1,High-touch risk
107099,1,High-touch risk
107100,0,Established value seekers
107101,2,Stable digital loyalists
107102,0,Established value seekers
107103,1,High-touch risk
107104,1,High-touch risk
107105,2,Stable digital loyalists
107106,1,High-touch risk
107107,2,Stable digital loyalists
107108,3,Premium-sensitive newcomers
107109,0,Established value seekers
107110,1,High-touch risk
107111,2,Stable digital loyalists
107112,1,High-touch risk
107113,3,Premium-sensitive newcomers
107114,1,High-touch risk
107115,0,Established value seekers
107116,0,Established value seekers
107117,1,High-touch risk
107118,3,Premium-sensitive newcomers
107119,1,High-touch risk
107120,3,Premium-sensitive newcomers
107121,1,High-touch risk
107122,1,High-touch risk
107123,3,Premium-sensitive newcomers
107124,1,High-touch risk
107125,3,Premium-sensitive newcomers
107126,0,Established value seekers
107127,0,Established value seekers
107128,2,Stable digital loyalists
107129,1,High-touch risk
107130,0,Established value seekers
107131,3,Premium-sensitive newcomers
107132,2,Stable digital loyalists
107133,2,Stable digital loyalists
107134,1,High-touch risk
107135,0,Established value seekers
107136,0,Established value seekers
107137,1,High-touch risk
107138,3,Premium-sensitive newcomers
107139,1,High-touch risk
107140,0,Established value seekers
107141,3,Premium-sensitive newcomers
107142,3,Premium-sensitive newcomers
107143,2,Stable digital loyalists
107144,0,Established value seekers
107145,0,Established value seekers
107146,2,Stable digital loyalists
107147,3,Premium-sensitive newcomers
107148,1,High-touch risk
107149,0,Established value seekers
107150,2,Stable digital loyalists
107151,2,Stable digital loyalists
107152,2,Stable digital loyalists
107153,1,High-touch risk
107154,0,Established value seekers
107155,2,Stable digital loyalists
107156,2,Stable digital loyalists
107157,1,High-touch risk
107158,0,Established value seekers
107159,2,Stable digital loyalists
107160,2,Stable digital loyalists
107161,2,Stable digital loyalists
107162,3,Premium-sensitive newcomers
107163,2,Stable digital loyalists
107164,3,Premium-sensitive newcomers
107165,0,Established value seekers
107166,0,Established value seekers
107167,3,Premium-sensitive newcomers
107168,3,Premium-sensitive newcomers
107169,3,Premium-sensitive newcomers
107170,2,Stable digital loyalists
107171,2,Stable digital loyalists
107172,0,Established value seekers
107173,0,Established value seekers
107174,1,High-touch risk
107175,0,Established value seekers
107176,1,High-touch risk
107177,0,Established value seekers
107178,1,High-touch risk
107179,2,Stable digital loyalists
107180,0,Established value seekers
107181,3,Premium-sensitive newcomers
107182,0,Established value seekers
107183,0,Established value seekers
107184,0,Established value seekers
107185,1,High-touch risk
107186,1,High-touch risk
107187,0,Established value seekers
107188,1,High-touch risk
107189,1,High-touch risk
107190,0,Established value seekers
107191,1,High-touch risk
107192,2,Stable digital loyalists
107193,3,Premium-sensitive newcomers
107194,3,Premium-sensitive newcomers
107195,0,Established value seekers
107196,1,High-touch risk
107197,2,Stable digital loyalists
107198,2,Stable digital loyalists
107199,2,Stable digital loyalists
107200,0,Established value seekers
107201,2,Stable digital loyalists
107202,2,Stable digital loyalists
107203,2,Stable digital loyalists
107204,0,Established value seekers
107205,3,Premium-sensitive newcomers
107206,3,Premium-sensitive newcomers
107207,0,Established value seekers
107208,2,Stable digital loyalists
107209,0,Established value seekers
107210,0,Established value seekers
107211,1,High-touch risk
107212,0,Established value seekers
107213,0,Established value seekers
107214,2,Stable digital loyalists
107215,2,Stable digital loyalists
107216,1,High-touch risk
107217,2,Stable digital loyalists
107218,3,Premium-sensitive newcomers
107219,3,Premium-sensitive newcomers
107220,0,Established value seekers
107221,3,Premium-sensitive newcomers
107222,0,Established value seekers
107223,3,Premium-sensitive newcomers
107224,0,Established value seekers
107225,0,Established value seekers
107226,0,Established value seekers
107227,2,Stable digital loyalists
107228,2,Stable digital loyalists
107229,0,Established value seekers
107230,3,Premium-sensitive newcomers
107231,0,Established value seekers
107232,3,Premium-sensitive newcomers
107233,3,Premium-sensitive newcomers
107234,1,High-touch risk
107235,3,Premium-sensitive newcomers
107236,2,Stable digital loyalists
107237,2,Stable digital loyalists
107238,3,Premium-sensitive newcomers
107239,0,Established value seekers
107240,1,High-touch risk
107241,3,Premium-sensitive newcomers
107242,0,Established value seekers
107243,3,Premium-sensitive newcomers
107244,0,Established value seekers
107245,1,High-touch risk
107246,1,High-touch risk
107247,3,Premium-sensitive newcomers
107248,2,Stable digital loyalists
107249,1,High-touch risk
107250,1,High-touch risk
107251,2,Stable digital loyalists
107252,3,Premium-sensitive newcomers
107253,2,Stable digital loyalists
107254,2,Stable digital loyalists
107255,1,High-touch risk
107256,0,Established value seekers
107257,0,Established value seekers
107258,0,Established value seekers
107259,2,Stable digital loyalists
107260,0,Established value seekers
107261,1,High-touch risk
107262,1,High-touch risk
107263,3,Premium-sensitive newcomers
107264,2,Stable digital loyalists
107265,3,Premium-sensitive newcomers
107266,0,Established value seekers
107267,2,Stable digital loyalists
107268,1,High-touch risk
107269,3,Premium-sensitive newcomers
107270,3,Premium-sensitive newcomers
107271,1,High-touch risk
107272,1,High-touch risk
107273,3,Premium-sensitive newcomers
107274,1,High-touch risk
107275,3,Premium-sensitive newcomers
107276,3,Premium-sensitive newcomers
107277,1,High-touch risk
107278,1,High-touch risk
107279,2,Stable digital loyalists
107280,1,High-touch risk
107281,2,Stable digital loyalists
107282,0,Established value seekers
107283,2,Stable digital loyalists
107284,0,Established value seekers
107285,0,Established value seekers
107286,3,Premium-sensitive newcomers
107287,2,Stable digital loyalists
107288,0,Established value seekers
107289,3,Premium-sensitive newcomers
107290,1,High-touch risk
107291,3,Premium-sensitive newcomers
107292,2,Stable digital loyalists
107293,0,Established value seekers
107294,0,Established value seekers
107295,3,Premium-sensitive newcomers
107296,1,High-touch risk
107297,2,Stable digital loyalists
107298,0,Established value seekers
107299,0,Established value seekers
107300,2,Stable digital loyalists
107301,0,Established value seekers
107302,3,Premium-sensitive newcomers
107303,3,Premium-sensitive newcomers
107304,3,Premium-sensitive newcomers
107305,3,Premium-sensitive newcomers
107306,2,Stable digital loyalists
107307,1,High-touch risk
107308,1,High-touch risk
107309,0,Established value seekers
107310,1,High-touch risk
107311,3,Premium-sensitive newcomers
107312,2,Stable digital loyalists
107313,1,High-touch risk
107314,2,Stable digital loyalists
107315,3,Premium-sensitive newcomers
107316,0,Established value seekers
107317,0,Established value seekers
107318,3,Premium-sensitive newcomers
107319,0,Established value seekers
107320,2,Stable digital loyalists
107321,0,Established value seekers
107322,0,Established value seekers
107323,0,Established value seekers
107324,2,Stable digital loyalists
107325,3,Premium-sensitive newcomers
107326,0,Established value seekers
107327,0,Established value seekers
107328,0,Established value seekers
107329,0,Established value seekers
107330,2,Stable digital loyalists
107331,1,High-touch risk
107332,1,High-touch risk
107333,1,High-touch risk
107334,0,Established value seekers
107335,1,High-touch risk
107336,3,Premium-sensitive newcomers
107337,1,High-touch risk
107338,3,Premium-sensitive newcomers
107339,1,High-touch risk
107340,0,Established value seekers
107341,0,Established value seekers
107342,3,Premium-sensitive newcomers
107343,3,Premium-sensitive newcomers
107344,1,High-touch risk
107345,3,Premium-sensitive newcomers
107346,3,Premium-sensitive newcomers
107347,3,Premium-sensitive newcomers
107348,2,Stable digital loyalists
107349,0,Established value seekers
107350,1,High-touch risk
107351,0,Established value seekers
107352,0,Established value seekers
107353,3,Premium-sensitive newcomers
107354,3,Premium-sensitive newcomers
107355,3,Premium-sensitive newcomers
107356,3,Premium-sensitive newcomers
107357,2,Stable digital loyalists
107358,0,Established value seekers
107359,3,Premium-sensitive newcomers
107360,3,Premium-sensitive newcomers
107361,0,Established value seekers
107362,3,Premium-sensitive newcomers
107363,3,Premium-sensitive newcomers
107364,3,Premium-sensitive newcomers
107365,1,High-touch risk
107366,3,Premium-sensitive newcomers
107367,2,Stable digital loyalists
107368,3,Premium-sensitive newcomers
107369,0,Established value seekers
107370,1,High-touch risk
107371,0,Established value seekers
107372,0,Established value seekers
107373,3,Premium-sensitive newcomers
107374,0,Established value seekers
107375,2,Stable digital loyalists
107376,1,High-touch risk
107377,1,High-touch risk
107378,3,Premium-sensitive newcomers
107379,3,Premium-sensitive newcomers
107380,0,Established value seekers
107381,2,Stable digital loyalists
107382,2,Stable digital loyalists
107383,2,Stable digital loyalists
107384,3,Premium-sensitive newcomers
107385,2,Stable digital loyalists
107386,3,Premium-sensitive newcomers
107387,3,Premium-sensitive newcomers
107388,0,Established value seekers
107389,3,Premium-sensitive newcomers
107390,0,Established value seekers
107391,3,Premium-sensitive newcomers
107392,3,Premium-sensitive newcomers
107393,2,Stable digital loyalists
107394,3,Premium-sensitive newcomers
107395,3,Premium-sensitive newcomers
107396,1,High-touch risk
107397,2,Stable digital loyalists
107398,3,Premium-sensitive newcomers
107399,3,Premium-sensitive newcomers
107400,1,High-touch risk
107401,2,Stable digital loyalists
107402,2,Stable digital loyalists
107403,1,High-touch risk
107404,1,High-touch risk
107405,3,Premium-sensitive newcomers
107406,0,Established value seekers
107407,2,Stable digital loyalists
107408,1,High-touch risk
107409,3,Premium-sensitive newcomers
107410,1,High-touch risk
107411,2,Stable digital loyalists
107412,0,Established value seekers
107413,0,Established value seekers
107414,1,High-touch risk
107415,0,Established value seekers
107416,1,High-touch risk
107417,2,Stable digital loyalists
107418,1,High-touch risk
107419,0,Established value seekers
107420,0,Established value seekers
107421,0,Established value seekers
107422,3,Premium-sensitive newcomers
107423,3,Premium-sensitive newcomers
107424,0,Established value seekers
107425,1,High-touch risk
107426,0,Established value seekers
107427,1,High-touch risk
107428,2,Stable digital loyalists
107429,0,Established value seekers
107430,1,High-touch risk
107431,3,Premium-sensitive newcomers
107432,1,High-touch risk
107433,2,Stable digital loyalists
107434,3,Premium-sensitive newcomers
107435,1,High-touch risk
107436,0,Established value seekers
107437,1,High-touch risk
107438,3,Premium-sensitive newcomers
107439,0,Established value seekers
107440,3,Premium-sensitive newcomers
107441,3,Premium-sensitive newcomers
107442,2,Stable digital loyalists
107443,1,High-touch risk
107444,0,Established value seekers
107445,0,Established value seekers
107446,2,Stable digital loyalists
107447,0,Established value seekers
107448,3,Premium-sensitive newcomers
107449,2,Stable digital loyalists
107450,1,High-touch risk
107451,2,Stable digital loyalists
107452,1,High-touch risk
107453,3,Premium-sensitive newcomers
107454,1,High-touch risk
107455,1,High-touch risk
107456,1,High-touch risk
107457,3,Premium-sensitive newcomers
107458,3,Premium-sensitive newcomers
107459,1,High-touch risk
107460,0,Established value seekers
107461,3,Premium-sensitive newcomers
107462,1,High-touch risk
107463,1,High-touch risk
107464,0,Established value seekers
107465,0,Established value seekers
107466,1,High-touch risk
107467,2,Stable digital loyalists
107468,3,Premium-sensitive newcomers
107469,2,Stable digital loyalists
107470,1,High-touch risk
107471,3,Premium-sensitive newcomers
107472,0,Established value seekers
107473,1,High-touch risk
107474,1,High-touch risk
107475,0,Established value seekers
107476,2,Stable digital loyalists
107477,0,Established value seekers
107478,2,Stable digital loyalists
107479,3,Premium-sensitive newcomers
107480,0,Established value seekers
107481,0,Established value seekers
107482,3,Premium-sensitive newcomers
107483,2,Stable digital loyalists
107484,2,Stable digital loyalists
107485,2,Stable digital loyalists
107486,0,Established value seekers
107487,3,Premium-sensitive newcomers
107488,2,Stable digital loyalists
107489,0,Established value seekers
107490,0,Established value seekers
107491,2,Stable digital loyalists
107492,3,Premium-sensitive newcomers
107493,2,Stable digital loyalists
107494,0,Established value seekers
107495,1,High-touch risk
107496,1,High-touch risk
107497,0,Established value seekers
107498,1,High-touch risk
107499,1,High-touch risk
107500,3,Premium-sensitive newcomers
107501,0,Established value seekers
107502,2,Stable digital loyalists
107503,3,Premium-sensitive newcomers
107504,3,Premium-sensitive newcomers
107505,3,Premium-sensitive newcomers
107506,1,High-touch risk
107507,1,High-touch risk
107508,0,Established value seekers
107509,1,High-touch risk
107510,2,Stable digital loyalists
107511,0,Established value seekers
107512,0,Established value seekers
107513,1,High-touch risk
107514,0,Established value seekers
107515,0,Established value seekers
107516,0,Established value seekers
107517,1,High-touch risk
107518,0,Established value seekers
107519,3,Premium-sensitive newcomers
107520,3,Premium-sensitive newcomers
107521,0,Established value seekers
107522,0,Established value seekers
107523,2,Stable digital loyalists
107524,0,Established value seekers
107525,0,Established value seekers
107526,3,Premium-sensitive newcomers
107527,3,Premium-sensitive newcomers
107528,1,High-touch risk
107529,3,Premium-sensitive newcomers
107530,1,High-touch risk
107531,3,Premium-sensitive newcomers
107532,2,Stable digital loyalists
107533,0,Established value seekers
107534,0,Established value seekers
107535,3,Premium-sensitive newcomers
107536,0,Established value seekers
107537,2,Stable digital loyalists
107538,2,Stable digital loyalists
107539,0,Established value seekers
107540,1,High-touch risk
107541,3,Premium-sensitive newcomers
107542,0,Established value seekers
107543,0,Established value seekers
107544,2,Stable digital loyalists
107545,0,Established value seekers
107546,1,High-touch risk
107547,0,Established value seekers
107548,2,Stable digital loyalists
107549,2,Stable digital loyalists
107550,1,High-touch risk
107551,3,Premium-sensitive newcomers
107552,0,Established value seekers
107553,0,Established value seekers
107554,1,High-touch risk
107555,3,Premium-sensitive newcomers
107556,0,Established value seekers
107557,0,Established value seekers
107558,1,High-touch risk
107559,1,High-touch risk
107560,2,Stable digital loyalists
107561,3,Premium-sensitive newcomers
107562,0,Established value seekers
107563,3,Premium-sensitive newcomers
107564,3,Premium-sensitive newcomers
107565,0,Established value seekers
107566,3,Premium-sensitive newcomers
107567,1,High-touch risk
107568,3,Premium-sensitive newcomers
107569,3,Premium-sensitive newcomers
107570,3,Premium-sensitive newcomers
107571,1,High-touch risk
107572,1,High-touch risk
107573,1,High-touch risk
107574,1,High-touch risk
107575,3,Premium-sensitive newcomers
107576,1,High-touch risk
107577,2,Stable digital loyalists
107578,0,Established value seekers
107579,1,High-touch risk
107580,2,Stable digital loyalists
107581,2,Stable digital loyalists
107582,2,Stable digital loyalists
107583,0,Established value seekers
107584,2,Stable digital loyalists
107585,1,High-touch risk
107586,3,Premium-sensitive newcomers
107587,3,Premium-sensitive newcomers
107588,2,Stable digital loyalists
107589,2,Stable digital loyalists
107590,1,High-touch risk
107591,0,Established value seekers
107592,2,Stable digital loyalists
107593,0,Established value seekers
107594,0,Established value seekers
107595,0,Established value seekers
107596,0,Established value seekers
107597,3,Premium-sensitive newcomers
107598,3,Premium-sensitive newcomers
107599,1,High-touch risk
107600,0,Established value seekers
107601,2,Stable digital loyalists
107602,3,Premium-sensitive newcomers
107603,1,High-touch risk
107604,0,Established value seekers
107605,1,High-touch risk
107606,0,Established value seekers
107607,1,High-touch risk
107608,3,Premium-sensitive newcomers
107609,2,Stable digital loyalists
107610,2,Stable digital loyalists
107611,2,Stable digital loyalists
107612,1,High-touch risk
107613,1,High-touch risk
107614,1,High-touch risk
107615,3,Premium-sensitive newcomers
107616,1,High-touch risk
107617,3,Premium-sensitive newcomers
107618,3,Premium-sensitive newcomers
107619,3,Premium-sensitive newcomers
107620,2,Stable digital loyalists
107621,1,High-touch risk
107622,1,High-touch risk
107623,1,High-touch risk
107624,2,Stable digital loyalists
107625,0,Established value seekers
107626,1,High-touch risk
107627,3,Premium-sensitive newcomers
107628,3,Premium-sensitive newcomers
107629,1,High-touch risk
107630,2,Stable digital loyalists
107631,2,Stable digital loyalists
107632,0,Established value seekers
107633,2,Stable digital loyalists
107634,3,Premium-sensitive newcomers
107635,1,High-touch risk
107636,2,Stable digital loyalists
107637,3,Premium-sensitive newcomers
107638,3,Premium-sensitive newcomers
107639,2,Stable digital loyalists
107640,3,Premium-sensitive newcomers
107641,0,Established value seekers
107642,1,High-touch risk
107643,0,Established value seekers
107644,3,Premium-sensitive newcomers
107645,1,High-touch risk
107646,1,High-touch risk
107647,1,High-touch risk
107648,1,High-touch risk
107649,1,High-touch risk
107650,0,Established value seekers
107651,0,Established value seekers
107652,1,High-touch risk
107653,2,Stable digital loyalists
107654,3,Premium-sensitive newcomers
107655,2,Stable digital loyalists
107656,3,Premium-sensitive newcomers
107657,1,High-touch risk
107658,0,Established value seekers
107659,0,Established value seekers
107660,3,Premium-sensitive newcomers
107661,1,High-touch risk
107662,3,Premium-sensitive newcomers
107663,3,Premium-sensitive newcomers
107664,2,Stable digital loyalists
107665,0,Established value seekers
107666,2,Stable digital loyalists
107667,0,Established value seekers
107668,0,Established value seekers
107669,2,Stable digital loyalists
107670,0,Established value seekers
107671,2,Stable digital loyalists
107672,0,Established value seekers
107673,3,Premium-sensitive newcomers
107674,0,Established value seekers
107675,2,Stable digital loyalists
107676,2,Stable digital loyalists
107677,2,Stable digital loyalists
107678,0,Established value seekers
107679,0,Established value seekers
107680,3,Premium-sensitive newcomers
107681,0,Established value seekers
107682,3,Premium-sensitive newcomers
107683,0,Established value seekers
107684,0,Established value seekers
107685,0,Established value seekers
107686,2,Stable digital loyalists
107687,2,Stable digital loyalists
107688,0,Established value seekers
107689,3,Premium-sensitive newcomers
107690,1,High-touch risk
107691,2,Stable digital loyalists
107692,0,Established value seekers
107693,2,Stable digital loyalists
107694,0,Established value seekers
107695,1,High-touch risk
107696,1,High-touch risk
107697,0,Established value seekers
107698,2,Stable digital loyalists
107699,1,High-touch risk
107700,2,Stable digital loyalists
107701,3,Premium-sensitive newcomers
107702,2,Stable digital loyalists
107703,0,Established value seekers
107704,0,Established value seekers
107705,0,Established value seekers
107706,0,Established value seekers
107707,1,High-touch risk
107708,0,Established value seekers
107709,0,Established value seekers
107710,3,Premium-sensitive newcomers
107711,3,Premium-sensitive newcomers
107712,3,Premium-sensitive newcomers
107713,2,Stable digital loyalists
107714,2,Stable digital loyalists
107715,3,Premium-sensitive newcomers
107716,1,High-touch risk
107717,3,Premium-sensitive newcomers
107718,1,High-touch risk
107719,1,High-touch risk
107720,0,Established value seekers
107721,0,Established value seekers
107722,0,Established value seekers
107723,0,Established value seekers
107724,2,Stable digital loyalists
107725,0,Established value seekers
107726,2,Stable digital loyalists
107727,2,Stable digital loyalists
107728,1,High-touch risk
107729,0,Established value seekers
107730,3,Premium-sensitive newcomers
107731,3,Premium-sensitive newcomers
107732,2,Stable digital loyalists
107733,1,High-touch risk
107734,3,Premium-sensitive newcomers
107735,1,High-touch risk
107736,2,Stable digital loyalists
107737,1,High-touch risk
107738,0,Established value seekers
107739,2,Stable digital loyalists
107740,1,High-touch risk
107741,2,Stable digital loyalists
107742,2,Stable digital loyalists
107743,1,High-touch risk
107744,3,Premium-sensitive newcomers
107745,1,High-touch risk
107746,1,High-touch risk
107747,0,Established value seekers
107748,3,Premium-sensitive newcomers
107749,0,Established value seekers
107750,1,High-touch risk
107751,1,High-touch risk
107752,2,Stable digital loyalists
107753,1,High-touch risk
107754,2,Stable digital loyalists
107755,1,High-touch risk
107756,0,Established value seekers
107757,2,Stable digital loyalists
107758,1,High-touch risk
107759,3,Premium-sensitive newcomers
107760,1,High-touch risk
107761,0,Established value seekers
107762,2,Stable digital loyalists
107763,0,Established value seekers
107764,2,Stable digital loyalists
107765,2,Stable digital loyalists
107766,0,Established value seekers
107767,0,Established value seekers
107768,2,Stable digital loyalists
107769,0,Established value seekers
107770,1,High-touch risk
107771,0,Established value seekers
107772,0,Established value seekers
107773,3,Premium-sensitive newcomers
107774,0,Established value seekers
107775,1,High-touch risk
107776,1,High-touch risk
107777,1,High-touch risk
107778,1,High-touch risk
107779,3,Premium-sensitive newcomers
107780,3,Premium-sensitive newcomers
107781,1,High-touch risk
107782,0,Established value seekers
107783,1,High-touch risk
107784,1,High-touch risk
107785,3,Premium-sensitive newcomers
107786,3,Premium-sensitive newcomers
107787,1,High-touch risk
107788,1,High-touch risk
107789,1,High-touch risk
107790,3,Premium-sensitive newcomers
107791,0,Established value seekers
107792,2,Stable digital loyalists
107793,3,Premium-sensitive newcomers
107794,2,Stable digital loyalists
107795,3,Premium-sensitive newcomers
107796,0,Established value seekers
107797,3,Premium-sensitive newcomers
107798,1,High-touch risk
107799,1,High-touch risk
107800,0,Established value seekers
107801,1,High-touch risk
107802,1,High-touch risk
107803,2,Stable digital loyalists
107804,3,Premium-sensitive newcomers
107805,1,High-touch risk
107806,3,Premium-sensitive newcomers
107807,0,Established value seekers
107808,3,Premium-sensitive newcomers
107809,0,Established value seekers
107810,0,Established value seekers
107811,1,High-touch risk
107812,1,High-touch risk
107813,0,Established value seekers
107814,3,Premium-sensitive newcomers
107815,2,Stable digital loyalists
107816,1,High-touch risk
107817,0,Established value seekers
107818,3,Premium-sensitive newcomers
107819,2,Stable digital loyalists
107820,3,Premium-sensitive newcomers
107821,0,Established value seekers
107822,3,Premium-sensitive newcomers
107823,1,High-touch risk
107824,3,Premium-sensitive newcomers
107825,2,Stable digital loyalists
107826,1,High-touch risk
107827,1,High-touch risk
107828,3,Premium-sensitive newcomers
107829,3,Premium-sensitive newcomers
107830,1,High-touch risk
107831,2,Stable digital loyalists
107832,1,High-touch risk
107833,0,Established value seekers
107834,3,Premium-sensitive newcomers
107835,1,High-touch risk
107836,1,High-touch risk
107837,0,Established value seekers
107838,0,Established value seekers
107839,2,Stable digital loyalists
107840,2,Stable digital loyalists
107841,0,Established value seekers
107842,0,Established value seekers
107843,1,High-touch risk
107844,2,Stable digital loyalists
107845,2,Stable digital loyalists
107846,0,Established value seekers
107847,3,Premium-sensitive newcomers
107848,0,Established value seekers
107849,0,Established value seekers
107850,1,High-touch risk
107851,1,High-touch risk
107852,1,High-touch risk
107853,0,Established value seekers
107854,0,Established value seekers
107855,2,Stable digital loyalists
107856,2,Stable digital loyalists
107857,1,High-touch risk
107858,2,Stable digital loyalists
107859,3,Premium-sensitive newcomers
107860,3,Premium-sensitive newcomers
107861,1,High-touch risk
107862,2,Stable digital loyalists
107863,2,Stable digital loyalists
107864,3,Premium-sensitive newcomers
107865,3,Premium-sensitive newcomers
107866,3,Premium-sensitive newcomers
107867,0,Established value seekers
107868,1,High-touch risk
107869,2,Stable digital loyalists
107870,3,Premium-sensitive newcomers
107871,0,Established value seekers
107872,3,Premium-sensitive newcomers
107873,1,High-touch risk
107874,3,Premium-sensitive newcomers
107875,1,High-touch risk
107876,1,High-touch risk
107877,2,Stable digital loyalists
107878,2,Stable digital loyalists
107879,2,Stable digital loyalists
107880,1,High-touch risk
107881,0,Established value seekers
107882,1,High-touch risk
107883,1,High-touch risk
107884,3,Premium-sensitive newcomers
107885,3,Premium-sensitive newcomers
107886,0,Established value seekers
107887,0,Established value seekers
107888,2,Stable digital loyalists
107889,2,Stable digital loyalists
107890,0,Established value seekers
107891,2,Stable digital loyalists
107892,2,Stable digital loyalists
107893,1,High-touch risk
107894,1,High-touch risk
107895,2,Stable digital loyalists
107896,3,Premium-sensitive newcomers
107897,2,Stable digital loyalists
107898,1,High-touch risk
107899,3,Premium-sensitive newcomers
107900,0,Established value seekers
107901,2,Stable digital loyalists
107902,0,Established value seekers
107903,3,Premium-sensitive newcomers
107904,2,Stable digital loyalists
107905,3,Premium-sensitive newcomers
107906,0,Established value seekers
107907,1,High-touch risk
107908,2,Stable digital loyalists
107909,1,High-touch risk
107910,3,Premium-sensitive newcomers
107911,0,Established value seekers
107912,1,High-touch risk
107913,3,Premium-sensitive newcomers
107914,0,Established value seekers
107915,3,Premium-sensitive newcomers
107916,1,High-touch risk
107917,3,Premium-sensitive newcomers
107918,1,High-touch risk
107919,1,High-touch risk
107920,1,High-touch risk
107921,3,Premium-sensitive newcomers
107922,1,High-touch risk
107923,3,Premium-sensitive newcomers
107924,0,Established value seekers
107925,2,Stable digital loyalists
107926,3,Premium-sensitive newcomers
107927,2,Stable digital loyalists
107928,1,High-touch risk
107929,0,Established value seekers
107930,1,High-touch risk
107931,2,Stable digital loyalists
107932,2,Stable digital loyalists
107933,1,High-touch risk
107934,0,Established value seekers
107935,3,Premium-sensitive newcomers
107936,2,Stable digital loyalists
107937,3,Premium-sensitive newcomers
107938,3,Premium-sensitive newcomers
107939,3,Premium-sensitive newcomers
107940,1,High-touch risk
107941,0,Established value seekers
107942,0,Established value seekers
107943,0,Established value seekers
107944,0,Established value seekers
107945,0,Established value seekers
107946,3,Premium-sensitive newcomers
107947,1,High-touch risk
107948,3,Premium-sensitive newcomers
107949,1,High-touch risk
107950,0,Established value seekers
107951,1,High-touch risk
107952,2,Stable digital loyalists
107953,0,Established value seekers
107954,1,High-touch risk
107955,2,Stable digital loyalists
107956,2,Stable digital loyalists
107957,2,Stable digital loyalists
107958,3,Premium-sensitive newcomers
107959,2,Stable digital loyalists
107960,3,Premium-sensitive newcomers
107961,1,High-touch risk
107962,2,Stable digital loyalists
107963,0,Established value seekers
107964,0,Established value seekers
107965,2,Stable digital loyalists
107966,1,High-touch risk
107967,3,Premium-sensitive newcomers
107968,2,Stable digital loyalists
107969,3,Premium-sensitive newcomers
107970,0,Established value seekers
107971,1,High-touch risk
107972,1,High-touch risk
107973,3,Premium-sensitive newcomers
107974,1,High-touch risk
107975,2,Stable digital loyalists
107976,3,Premium-sensitive newcomers
107977,2,Stable digital loyalists
107978,0,Established value seekers
107979,1,High-touch risk
107980,3,Premium-sensitive newcomers
107981,2,Stable digital loyalists
107982,2,Stable digital loyalists
107983,1,High-touch risk
107984,3,Premium-sensitive newcomers
107985,0,Established value seekers
107986,1,High-touch risk
107987,1,High-touch risk
107988,3,Premium-sensitive newcomers
107989,2,Stable digital loyalists
107990,2,Stable digital loyalists
107991,3,Premium-sensitive newcomers
107992,2,Stable digital loyalists
107993,2,Stable digital loyalists
107994,2,Stable digital loyalists
107995,0,Established value seekers
107996,1,High-touch risk
107997,1,High-touch risk
107998,2,Stable digital loyalists
107999,0,Established value seekers
108000,3,Premium-sensitive newcomers
108001,0,Established value seekers
108002,2,Stable digital loyalists
108003,3,Premium-sensitive newcomers
108004,2,Stable digital loyalists
108005,1,High-touch risk
108006,1,High-touch risk
108007,3,Premium-sensitive newcomers
108008,0,Established value seekers
108009,0,Established value seekers
108010,2,Stable digital loyalists
108011,1,High-touch risk
108012,0,Established value seekers
108013,0,Established value seekers
108014,0,Established value seekers
108015,2,Stable digital loyalists
108016,2,Stable digital loyalists
108017,2,Stable digital loyalists
108018,1,High-touch risk
108019,1,High-touch risk
108020,0,Established value seekers
108021,3,Premium-sensitive newcomers
108022,1,High-touch risk
108023,1,High-touch risk
108024,3,Premium-sensitive newcomers
108025,0,Established value seekers
108026,0,Established value seekers
108027,3,Premium-sensitive newcomers
108028,2,Stable digital loyalists
108029,3,Premium-sensitive newcomers
108030,0,Established value seekers
108031,2,Stable digital loyalists
108032,2,Stable digital loyalists
108033,3,Premium-sensitive newcomers
108034,3,Premium-sensitive newcomers
108035,0,Established value seekers
108036,3,Premium-sensitive newcomers
108037,0,Established value seekers
108038,3,Premium-sensitive newcomers
108039,2,Stable digital loyalists
108040,0,Established value seekers
108041,1,High-touch risk
108042,2,Stable digital loyalists
108043,1,High-touch risk
108044,1,High-touch risk
108045,3,Premium-sensitive newcomers
108046,3,Premium-sensitive newcomers
108047,0,Established value seekers
108048,1,High-touch risk
108049,2,Stable digital loyalists
108050,1,High-touch risk
108051,3,Premium-sensitive newcomers
108052,0,Established value seekers
108053,2,Stable digital loyalists
108054,0,Established value seekers
108055,3,Premium-sensitive newcomers
108056,2,Stable digital loyalists
108057,0,Established value seekers
108058,0,Established value seekers
108059,1,High-touch risk
108060,3,Premium-sensitive newcomers
108061,3,Premium-sensitive newcomers
108062,0,Established value seekers
108063,2,Stable digital loyalists
108064,2,Stable digital loyalists
108065,2,Stable digital loyalists
108066,3,Premium-sensitive newcomers
108067,3,Premium-sensitive newcomers
108068,1,High-touch risk
108069,0,Established value seekers
108070,1,High-touch risk
108071,3,Premium-sensitive newcomers
108072,2,Stable digital loyalists
108073,3,Premium-sensitive newcomers
108074,3,Premium-sensitive newcomers
108075,2,Stable digital loyalists
108076,3,Premium-sensitive newcomers
108077,3,Premium-sensitive newcomers
108078,2,Stable digital loyalists
108079,2,Stable digital loyalists
108080,3,Premium-sensitive newcomers
108081,3,Premium-sensitive newcomers
108082,3,Premium-sensitive newcomers
108083,0,Established value seekers
108084,2,Stable digital loyalists
108085,1,High-touch risk
108086,1,High-touch risk
108087,3,Premium-sensitive newcomers
108088,0,Established value seekers
108089,2,Stable digital loyalists
108090,2,Stable digital loyalists
108091,0,Established value seekers
108092,0,Established value seekers
108093,1,High-touch risk
108094,2,Stable digital loyalists
108095,2,Stable digital loyalists
108096,0,Established value seekers
108097,1,High-touch risk
108098,2,Stable digital loyalists
108099,0,Established value seekers
108100,1,High-touch risk
108101,3,Premium-sensitive newcomers
108102,3,Premium-sensitive newcomers
108103,2,Stable digital loyalists
108104,1,High-touch risk
108105,0,Established value seekers
108106,0,Established value seekers
108107,3,Premium-sensitive newcomers
108108,1,High-touch risk
108109,3,Premium-sensitive newcomers
108110,2,Stable digital loyalists
108111,0,Established value seekers
108112,2,Stable digital loyalists
108113,3,Premium-sensitive newcomers
108114,2,Stable digital loyalists
108115,1,High-touch risk
108116,1,High-touch risk
108117,0,Established value seekers
108118,3,Premium-sensitive newcomers
108119,2,Stable digital loyalists
108120,1,High-touch risk
108121,1,High-touch risk
108122,0,Established value seekers
108123,1,High-touch risk
108124,1,High-touch risk
108125,1,High-touch risk
108126,0,Established value seekers
108127,0,Established value seekers
108128,3,Premium-sensitive newcomers
108129,2,Stable digital loyalists
108130,3,Premium-sensitive newcomers
108131,1,High-touch risk
108132,1,High-touch risk
108133,3,Premium-sensitive newcomers
108134,0,Established value seekers
108135,2,Stable digital loyalists
108136,2,Stable digital loyalists
108137,2,Stable digital loyalists
108138,2,Stable digital loyalists
108139,0,Established value seekers
108140,0,Established value seekers
108141,1,High-touch risk
108142,3,Premium-sensitive newcomers
108143,2,Stable digital loyalists
108144,0,Established value seekers
108145,3,Premium-sensitive newcomers
108146,0,Established value seekers
108147,3,Premium-sensitive newcomers
108148,1,High-touch risk
108149,0,Established value seekers
108150,3,Premium-sensitive newcomers
108151,3,Premium-sensitive newcomers
108152,3,Premium-sensitive newcomers
108153,0,Established value seekers
108154,3,Premium-sensitive newcomers
108155,2,Stable digital loyalists
108156,3,Premium-sensitive newcomers
108157,0,Established value seekers
108158,2,Stable digital loyalists
108159,2,Stable digital loyalists
108160,1,High-touch risk
108161,3,Premium-sensitive newcomers
108162,2,Stable digital loyalists
108163,1,High-touch risk
108164,2,Stable digital loyalists
108165,2,Stable digital loyalists
108166,1,High-touch risk
108167,0,Established value seekers
108168,2,Stable digital loyalists
108169,0,Established value seekers
108170,2,Stable digital loyalists
108171,3,Premium-sensitive newcomers
108172,1,High-touch risk
108173,3,Premium-sensitive newcomers
108174,1,High-touch risk
108175,3,Premium-sensitive newcomers
108176,3,Premium-sensitive newcomers
108177,0,Established value seekers
108178,0,Established value seekers
108179,0,Established value seekers
108180,3,Premium-sensitive newcomers
108181,3,Premium-sensitive newcomers
108182,1,High-touch risk
108183,2,Stable digital loyalists
108184,0,Established value seekers
108185,2,Stable digital loyalists
108186,0,Established value seekers
108187,1,High-touch risk
108188,2,Stable digital loyalists
108189,3,Premium-sensitive newcomers
108190,3,Premium-sensitive newcomers
108191,0,Established value seekers
108192,0,Established value seekers
108193,2,Stable digital loyalists
108194,3,Premium-sensitive newcomers
108195,2,Stable digital loyalists
108196,3,Premium-sensitive newcomers
108197,1,High-touch risk
108198,0,Established value seekers
108199,2,Stable digital loyalists
108200,1,High-touch risk
108201,1,High-touch risk
108202,3,Premium-sensitive newcomers
108203,3,Premium-sensitive newcomers
108204,1,High-touch risk
108205,3,Premium-sensitive newcomers
108206,1,High-touch risk
108207,0,Established value seekers
108208,2,Stable digital loyalists
108209,0,Established value seekers
108210,0,Established value seekers
108211,2,Stable digital loyalists
108212,2,Stable digital loyalists
108213,1,High-touch risk
108214,1,High-touch risk
108215,0,Established value seekers
108216,2,Stable digital loyalists
108217,0,Established value seekers
108218,0,Established value seekers
108219,0,Established value seekers
108220,0,Established value seekers
108221,3,Premium-sensitive newcomers
108222,1,High-touch risk
108223,2,Stable digital loyalists
108224,0,Established value seekers
108225,2,Stable digital loyalists
108226,0,Established value seekers
108227,1,High-touch risk
108228,0,Established value seekers
108229,3,Premium-sensitive newcomers
108230,2,Stable digital loyalists
108231,1,High-touch risk
108232,0,Established value seekers
108233,2,Stable digital loyalists
108234,3,Premium-sensitive newcomers
108235,3,Premium-sensitive newcomers
108236,1,High-touch risk
108237,0,Established value seekers
108238,2,Stable digital loyalists
108239,3,Premium-sensitive newcomers
108240,3,Premium-sensitive newcomers
108241,0,Established value seekers
108242,2,Stable digital loyalists
108243,2,Stable digital loyalists
108244,0,Established value seekers
108245,3,Premium-sensitive newcomers
108246,3,Premium-sensitive newcomers
108247,3,Premium-sensitive newcomers
108248,0,Established value seekers
108249,2,Stable digital loyalists
108250,1,High-touch risk
108251,0,Established value seekers
108252,1,High-touch risk
108253,0,Established value seekers
108254,1,High-touch risk
108255,3,Premium-sensitive newcomers
108256,2,Stable digital loyalists
108257,3,Premium-sensitive newcomers
108258,0,Established value seekers
108259,0,Established value seekers
108260,1,High-touch risk
108261,2,Stable digital loyalists
108262,3,Premium-sensitive newcomers
108263,3,Premium-sensitive newcomers
108264,3,Premium-sensitive newcomers
108265,0,Established value seekers
108266,3,Premium-sensitive newcomers
108267,2,Stable digital loyalists
108268,1,High-touch risk
108269,3,Premium-sensitive newcomers
108270,2,Stable digital loyalists
108271,0,Established value seekers
108272,0,Established value seekers
108273,3,Premium-sensitive newcomers
108274,2,Stable digital loyalists
108275,3,Premium-sensitive newcomers
108276,3,Premium-sensitive newcomers
108277,3,Premium-sensitive newcomers
108278,2,Stable digital loyalists
108279,0,Established value seekers
108280,3,Premium-sensitive newcomers
108281,3,Premium-sensitive newcomers
108282,3,Premium-sensitive newcomers
108283,1,High-touch risk
108284,1,High-touch risk
108285,1,High-touch risk
108286,1,High-touch risk
108287,0,Established value seekers
108288,0,Established value seekers
108289,1,High-touch risk
108290,2,Stable digital loyalists
108291,3,Premium-sensitive newcomers
108292,2,Stable digital loyalists
108293,1,High-touch risk
108294,1,High-touch risk
108295,3,Premium-sensitive newcomers
108296,2,Stable digital loyalists
108297,1,High-touch risk
108298,3,Premium-sensitive newcomers
108299,1,High-touch risk
108300,0,Established value seekers
108301,2,Stable digital loyalists
108302,0,Established value seekers
108303,2,Stable digital loyalists
108304,0,Established value seekers
108305,3,Premium-sensitive newcomers
108306,2,Stable digital loyalists
108307,0,Established value seekers
108308,3,Premium-sensitive newcomers
108309,2,Stable digital loyalists
108310,1,High-touch risk
108311,1,High-touch risk
108312,2,Stable digital loyalists
108313,2,Stable digital loyalists
108314,0,Established value seekers
108315,0,Established value seekers
108316,1,High-touch risk
108317,1,High-touch risk
108318,0,Established value seekers
108319,3,Premium-sensitive newcomers
108320,2,Stable digital loyalists
108321,3,Premium-sensitive newcomers
108322,1,High-touch risk
108323,0,Established value seekers
108324,0,Established value seekers
108325,0,Established value seekers
108326,2,Stable digital loyalists
108327,0,Established value seekers
108328,2,Stable digital loyalists
108329,1,High-touch risk
108330,3,Premium-sensitive newcomers
108331,2,Stable digital loyalists
108332,0,Established value seekers
108333,1,High-touch risk
108334,1,High-touch risk
108335,0,Established value seekers
108336,0,Established value seekers
108337,2,Stable digital loyalists
108338,1,High-touch risk
108339,0,Established value seekers
108340,2,Stable digital loyalists
108341,1,High-touch risk
108342,2,Stable digital loyalists
108343,3,Premium-sensitive newcomers
108344,3,Premium-sensitive newcomers
108345,1,High-touch risk
108346,3,Premium-sensitive newcomers
108347,3,Premium-sensitive newcomers
108348,3,Premium-sensitive newcomers
108349,2,Stable digital loyalists
108350,2,Stable digital loyalists
108351,0,Established value seekers
108352,1,High-touch risk
108353,1,High-touch risk
108354,1,High-touch risk
108355,2,Stable digital loyalists
108356,3,Premium-sensitive newcomers
108357,3,Premium-sensitive newcomers
108358,2,Stable digital loyalists
108359,0,Established value seekers
108360,1,High-touch risk
108361,1,High-touch risk
108362,0,Established value seekers
108363,2,Stable digital loyalists
108364,2,Stable digital loyalists
108365,1,High-touch risk
108366,1,High-touch risk
108367,0,Established value seekers
108368,2,Stable digital loyalists
108369,1,High-touch risk
108370,3,Premium-sensitive newcomers
108371,2,Stable digital loyalists
108372,1,High-touch risk
108373,2,Stable digital loyalists
108374,2,Stable digital loyalists
108375,0,Established value seekers
108376,3,Premium-sensitive newcomers
108377,1,High-touch risk
108378,1,High-touch risk
108379,3,Premium-sensitive newcomers
108380,3,Premium-sensitive newcomers
108381,0,Established value seekers
108382,2,Stable digital loyalists
108383,0,Established value seekers
108384,3,Premium-sensitive newcomers
108385,3,Premium-sensitive newcomers
108386,1,High-touch risk
108387,0,Established value seekers
108388,3,Premium-sensitive newcomers
108389,3,Premium-sensitive newcomers
108390,0,Established value seekers
108391,1,High-touch risk
108392,1,High-touch risk
108393,0,Established value seekers
108394,3,Premium-sensitive newcomers
108395,2,Stable digital loyalists
108396,2,Stable digital loyalists
108397,1,High-touch risk
108398,0,Established value seekers
108399,3,Premium-sensitive newcomers
108400,0,Established value seekers
108401,3,Premium-sensitive newcomers
108402,1,High-touch risk
108403,0,Established value seekers
108404,0,Established value seekers
108405,3,Premium-sensitive newcomers
108406,0,Established value seekers
108407,3,Premium-sensitive newcomers
108408,1,High-touch risk
108409,1,High-touch risk
108410,2,Stable digital loyalists
108411,1,High-touch risk
108412,3,Premium-sensitive newcomers
108413,2,Stable digital loyalists
108414,3,Premium-sensitive newcomers
108415,0,Established value seekers
108416,3,Premium-sensitive newcomers
108417,0,Established value seekers
108418,0,Established value seekers
108419,2,Stable digital loyalists
108420,1,High-touch risk
108421,3,Premium-sensitive newcomers
108422,1,High-touch risk
108423,2,Stable digital loyalists
108424,3,Premium-sensitive newcomers
108425,3,Premium-sensitive newcomers
108426,3,Premium-sensitive newcomers
108427,0,Established value seekers
108428,0,Established value seekers
108429,3,Premium-sensitive newcomers
108430,1,High-touch risk
108431,3,Premium-sensitive newcomers
108432,1,High-touch risk
108433,2,Stable digital loyalists
108434,2,Stable digital loyalists
108435,3,Premium-sensitive newcomers
108436,2,Stable digital loyalists
108437,1,High-touch risk
108438,0,Established value seekers
108439,3,Premium-sensitive newcomers
108440,2,Stable digital loyalists
108441,3,Premium-sensitive newcomers
108442,0,Established value seekers
108443,0,Established value seekers
108444,2,Stable digital loyalists
108445,3,Premium-sensitive newcomers
108446,3,Premium-sensitive newcomers
108447,2,Stable digital loyalists
108448,1,High-touch risk
108449,3,Premium-sensitive newcomers
108450,2,Stable digital loyalists
108451,2,Stable digital loyalists
108452,1,High-touch risk
108453,2,Stable digital loyalists
108454,1,High-touch risk
108455,0,Established value seekers
108456,3,Premium-sensitive newcomers
108457,1,High-touch risk
108458,2,Stable digital loyalists
108459,1,High-touch risk
108460,0,Established value seekers
108461,1,High-touch risk
108462,0,Established value seekers
108463,0,Established value seekers
108464,1,High-touch risk
108465,3,Premium-sensitive newcomers
108466,1,High-touch risk
108467,0,Established value seekers
108468,3,Premium-sensitive newcomers
108469,0,Established value seekers
108470,0,Established value seekers
108471,2,Stable digital loyalists
108472,3,Premium-sensitive newcomers
108473,1,High-touch risk
108474,3,Premium-sensitive newcomers
108475,3,Premium-sensitive newcomers
108476,1,High-touch risk
108477,2,Stable digital loyalists
108478,2,Stable digital loyalists
108479,1,High-touch risk
108480,2,Stable digital loyalists
108481,2,Stable digital loyalists
108482,3,Premium-sensitive newcomers
108483,1,High-touch risk
108484,2,Stable digital loyalists
108485,1,High-touch risk
108486,3,Premium-sensitive newcomers
108487,2,Stable digital loyalists
108488,0,Established value seekers
108489,1,High-touch risk
108490,1,High-touch risk
108491,1,High-touch risk
108492,2,Stable digital loyalists
108493,1,High-touch risk
108494,3,Premium-sensitive newcomers
108495,0,Established value seekers
108496,3,Premium-sensitive newcomers
108497,3,Premium-sensitive newcomers
108498,2,Stable digital loyalists
108499,0,Established value seekers
108500,1,High-touch risk
108501,2,Stable digital loyalists
108502,2,Stable digital loyalists
108503,2,Stable digital loyalists
108504,1,High-touch risk
108505,2,Stable digital loyalists
108506,3,Premium-sensitive newcomers
108507,1,High-touch risk
108508,0,Established value seekers
108509,1,High-touch risk
108510,3,Premium-sensitive newcomers
108511,2,Stable digital loyalists
108512,1,High-touch risk
108513,2,Stable digital loyalists
108514,2,Stable digital loyalists
108515,1,High-touch risk
108516,0,Established value seekers
108517,0,Established value seekers
108518,3,Premium-sensitive newcomers
108519,3,Premium-sensitive newcomers
108520,1,High-touch risk
108521,0,Established value seekers
108522,2,Stable digital loyalists
108523,3,Premium-sensitive newcomers
108524,1,High-touch risk
108525,3,Premium-sensitive newcomers
108526,1,High-touch risk
108527,3,Premium-sensitive newcomers
108528,3,Premium-sensitive newcomers
108529,1,High-touch risk
108530,2,Stable digital loyalists
108531,3,Premium-sensitive newcomers
108532,1,High-touch risk
108533,0,Established value seekers
108534,0,Established value seekers
108535,2,Stable digital loyalists
108536,1,High-touch risk
108537,3,Premium-sensitive newcomers
108538,2,Stable digital loyalists
108539,0,Established value seekers
108540,2,Stable digital loyalists
108541,2,Stable digital loyalists
108542,1,High-touch risk
108543,0,Established value seekers
108544,2,Stable digital loyalists
108545,0,Established value seekers
108546,3,Premium-sensitive newcomers
108547,2,Stable digital loyalists
108548,3,Premium-sensitive newcomers
108549,1,High-touch risk
108550,0,Established value seekers
108551,3,Premium-sensitive newcomers
108552,3,Premium-sensitive newcomers
108553,1,High-touch risk
108554,0,Established value seekers
108555,3,Premium-sensitive newcomers
108556,3,Premium-sensitive newcomers
108557,3,Premium-sensitive newcomers
108558,0,Established value seekers
108559,0,Established value seekers
108560,1,High-touch risk
108561,3,Premium-sensitive newcomers
108562,0,Established value seekers
108563,2,Stable digital loyalists
108564,0,Established value seekers
108565,0,Established value seekers
108566,1,High-touch risk
108567,1,High-touch risk
108568,1,High-touch risk
108569,1,High-touch risk
108570,3,Premium-sensitive newcomers
108571,1,High-touch risk
108572,1,High-touch risk
108573,1,High-touch risk
108574,1,High-touch risk
108575,2,Stable digital loyalists
108576,3,Premium-sensitive newcomers
108577,0,Established value seekers
108578,2,Stable digital loyalists
108579,2,Stable digital loyalists
108580,3,Premium-sensitive newcomers
108581,3,Premium-sensitive newcomers
108582,0,Established value seekers
108583,3,Premium-sensitive newcomers
108584,1,High-touch risk
108585,1,High-touch risk
108586,2,Stable digital loyalists
108587,2,Stable digital loyalists
108588,0,Established value seekers
108589,3,Premium-sensitive newcomers
108590,1,High-touch risk
108591,2,Stable digital loyalists
108592,0,Established value seekers
108593,3,Premium-sensitive newcomers
108594,3,Premium-sensitive newcomers
108595,3,Premium-sensitive newcomers
108596,0,Established value seekers
108597,2,Stable digital loyalists
108598,0,Established value seekers
108599,3,Premium-sensitive newcomers
108600,1,High-touch risk
108601,3,Premium-sensitive newcomers
108602,0,Established value seekers
108603,3,Premium-sensitive newcomers
108604,2,Stable digital loyalists
108605,0,Established value seekers
108606,0,Established value seekers
108607,0,Established value seekers
108608,3,Premium-sensitive newcomers
108609,2,Stable digital loyalists
108610,3,Premium-sensitive newcomers
108611,3,Premium-sensitive newcomers
108612,3,Premium-sensitive newcomers
108613,1,High-touch risk
108614,1,High-touch risk
108615,3,Premium-sensitive newcomers
108616,1,High-touch risk
108617,3,Premium-sensitive newcomers
108618,1,High-touch risk
108619,0,Established value seekers
108620,3,Premium-sensitive newcomers
108621,1,High-touch risk
108622,3,Premium-sensitive newcomers
108623,0,Established value seekers
108624,0,Established value seekers
108625,2,Stable digital loyalists
108626,0,Established value seekers
108627,3,Premium-sensitive newcomers
108628,2,Stable digital loyalists
108629,0,Established value seekers
108630,0,Established value seekers
108631,1,High-touch risk
108632,3,Premium-sensitive newcomers
108633,3,Premium-sensitive newcomers
108634,0,Established value seekers
108635,0,Established value seekers
108636,0,Established value seekers
108637,2,Stable digital loyalists
108638,3,Premium-sensitive newcomers
108639,0,Established value seekers
108640,3,Premium-sensitive newcomers
108641,2,Stable digital loyalists
108642,2,Stable digital loyalists
108643,3,Premium-sensitive newcomers
108644,0,Established value seekers
108645,0,Established value seekers
108646,0,Established value seekers
108647,2,Stable digital loyalists
108648,3,Premium-sensitive newcomers
108649,0,Established value seekers
108650,2,Stable digital loyalists
108651,0,Established value seekers
108652,3,Premium-sensitive newcomers
108653,0,Established value seekers
108654,1,High-touch risk
108655,2,Stable digital loyalists
108656,2,Stable digital loyalists
108657,3,Premium-sensitive newcomers
108658,0,Established value seekers
108659,2,Stable digital loyalists
108660,2,Stable digital loyalists
108661,1,High-touch risk
108662,3,Premium-sensitive newcomers
108663,0,Established value seekers
108664,3,Premium-sensitive newcomers
108665,0,Established value seekers
108666,2,Stable digital loyalists
108667,0,Established value seekers
108668,1,High-touch risk
108669,1,High-touch risk
108670,2,Stable digital loyalists
108671,3,Premium-sensitive newcomers
108672,1,High-touch risk
108673,0,Established value seekers
108674,2,Stable digital loyalists
108675,2,Stable digital loyalists
108676,2,Stable digital loyalists
108677,1,High-touch risk
108678,1,High-touch risk
108679,2,Stable digital loyalists
108680,1,High-touch risk
108681,1,High-touch risk
108682,3,Premium-sensitive newcomers
108683,3,Premium-sensitive newcomers
108684,1,High-touch risk
108685,2,Stable digital loyalists
108686,0,Established value seekers
108687,2,Stable digital loyalists
108688,0,Established value seekers
108689,3,Premium-sensitive newcomers
108690,1,High-touch risk
108691,1,High-touch risk
108692,3,Premium-sensitive newcomers
108693,3,Premium-sensitive newcomers
108694,0,Established value seekers
108695,2,Stable digital loyalists
108696,2,Stable digital loyalists
108697,3,Premium-sensitive newcomers
108698,0,Established value seekers
108699,3,Premium-sensitive newcomers
108700,0,Established value seekers
108701,2,Stable digital loyalists
108702,1,High-touch risk
108703,2,Stable digital loyalists
108704,0,Established value seekers
108705,3,Premium-sensitive newcomers
108706,3,Premium-sensitive newcomers
108707,0,Established value seekers
108708,0,Established value seekers
108709,3,Premium-sensitive newcomers
108710,1,High-touch risk
108711,1,High-touch risk
108712,0,Established value seekers
108713,3,Premium-sensitive newcomers
108714,2,Stable digital loyalists
108715,3,Premium-sensitive newcomers
108716,0,Established value seekers
108717,0,Established value seekers
108718,1,High-touch risk
108719,3,Premium-sensitive newcomers
108720,3,Premium-sensitive newcomers
108721,1,High-touch risk
108722,1,High-touch risk
108723,1,High-touch risk
108724,0,Established value seekers
108725,3,Premium-sensitive newcomers
108726,3,Premium-sensitive newcomers
108727,1,High-touch risk
108728,0,Established value seekers
108729,0,Established value seekers
108730,0,Established value seekers
108731,0,Established value seekers
108732,1,High-touch risk
108733,1,High-touch risk
108734,0,Established value seekers
108735,3,Premium-sensitive newcomers
108736,2,Stable digital loyalists
108737,2,Stable digital loyalists
108738,0,Established value seekers
108739,0,Established value seekers
108740,2,Stable digital loyalists
108741,1,High-touch risk
108742,3,Premium-sensitive newcomers
108743,1,High-touch risk
108744,1,High-touch risk
108745,1,High-touch risk
108746,0,Established value seekers
108747,0,Established value seekers
108748,2,Stable digital loyalists
108749,3,Premium-sensitive newcomers
108750,2,Stable digital loyalists
108751,1,High-touch risk
108752,0,Established value seekers
108753,1,High-touch risk
108754,3,Premium-sensitive newcomers
108755,0,Established value seekers
108756,1,High-touch risk
108757,1,High-touch risk
108758,1,High-touch risk
108759,2,Stable digital loyalists
108760,0,Established value seekers
108761,0,Established value seekers
108762,0,Established value seekers
108763,3,Premium-sensitive newcomers
108764,3,Premium-sensitive newcomers
108765,1,High-touch risk
108766,2,Stable digital loyalists
108767,0,Established value seekers
108768,3,Premium-sensitive newcomers
108769,0,Established value seekers
108770,1,High-touch risk
108771,0,Established value seekers
108772,3,Premium-sensitive newcomers
108773,1,High-touch risk
108774,1,High-touch risk
108775,3,Premium-sensitive newcomers
108776,1,High-touch risk
108777,3,Premium-sensitive newcomers
108778,1,High-touch risk
108779,0,Established value seekers
108780,1,High-touch risk
108781,3,Premium-sensitive newcomers
108782,0,Established value seekers
108783,1,High-touch risk
108784,0,Established value seekers
108785,3,Premium-sensitive newcomers
108786,3,Premium-sensitive newcomers
108787,2,Stable digital loyalists
108788,2,Stable digital loyalists
108789,1,High-touch risk
108790,1,High-touch risk
108791,3,Premium-sensitive newcomers
108792,1,High-touch risk
108793,3,Premium-sensitive newcomers
108794,0,Established value seekers
108795,0,Established value seekers
108796,3,Premium-sensitive newcomers
108797,3,Premium-sensitive newcomers
108798,3,Premium-sensitive newcomers
108799,3,Premium-sensitive newcomers
108800,3,Premium-sensitive newcomers
108801,1,High-touch risk
108802,2,Stable digital loyalists
108803,0,Established value seekers
108804,0,Established value seekers
108805,0,Established value seekers
108806,1,High-touch risk
108807,0,Established value seekers
108808,0,Established value seekers
108809,1,High-touch risk
108810,2,Stable digital loyalists
108811,2,Stable digital loyalists
108812,0,Established value seekers
108813,2,Stable digital loyalists
108814,3,Premium-sensitive newcomers
108815,3,Premium-sensitive newcomers
108816,2,Stable digital loyalists
108817,3,Premium-sensitive newcomers
108818,0,Established value seekers
108819,0,Established value seekers
108820,0,Established value seekers
108821,3,Premium-sensitive newcomers
108822,1,High-touch risk
108823,3,Premium-sensitive newcomers
108824,1,High-touch risk
108825,2,Stable digital loyalists
108826,0,Established value seekers
108827,2,Stable digital loyalists
108828,3,Premium-sensitive newcomers
108829,3,Premium-sensitive newcomers
108830,3,Premium-sensitive newcomers
108831,2,Stable digital loyalists
108832,1,High-touch risk
108833,3,Premium-sensitive newcomers
108834,1,High-touch risk
108835,2,Stable digital loyalists
108836,0,Established value seekers
108837,3,Premium-sensitive newcomers
108838,0,Established value seekers
108839,3,Premium-sensitive newcomers
108840,1,High-touch risk
108841,2,Stable digital loyalists
108842,2,Stable digital loyalists
108843,1,High-touch risk
108844,2,Stable digital loyalists
108845,0,Established value seekers
108846,0,Established value seekers
108847,0,Established value seekers
108848,2,Stable digital loyalists
108849,1,High-touch risk
108850,1,High-touch risk
108851,0,Established value seekers
108852,3,Premium-sensitive newcomers
108853,3,Premium-sensitive newcomers
108854,3,Premium-sensitive newcomers
108855,2,Stable digital loyalists
108856,2,Stable digital loyalists
108857,0,Established value seekers
108858,1,High-touch risk
108859,2,Stable digital loyalists
108860,1,High-touch risk
108861,3,Premium-sensitive newcomers
108862,1,High-touch risk
108863,1,High-touch risk
108864,0,Established value seekers
108865,2,Stable digital loyalists
108866,3,Premium-sensitive newcomers
108867,0,Established value seekers
108868,0,Established value seekers
108869,1,High-touch risk
108870,0,Established value seekers
108871,3,Premium-sensitive newcomers
108872,3,Premium-sensitive newcomers
108873,0,Established value seekers
108874,1,High-touch risk
108875,3,Premium-sensitive newcomers
108876,1,High-touch risk
108877,1,High-touch risk
108878,2,Stable digital loyalists
108879,1,High-touch risk
108880,3,Premium-sensitive newcomers
108881,1,High-touch risk
108882,1,High-touch risk
108883,2,Stable digital loyalists
108884,0,Established value seekers
108885,2,Stable digital loyalists
108886,2,Stable digital loyalists
108887,2,Stable digital loyalists
108888,3,Premium-sensitive newcomers
108889,1,High-touch risk
108890,2,Stable digital loyalists
108891,3,Premium-sensitive newcomers
108892,1,High-touch risk
108893,0,Established value seekers
108894,0,Established value seekers
108895,0,Established value seekers
108896,0,Established value seekers
108897,3,Premium-sensitive newcomers
108898,2,Stable digital loyalists
108899,1,High-touch risk
108900,0,Established value seekers
108901,3,Premium-sensitive newcomers
108902,3,Premium-sensitive newcomers
108903,0,Established value seekers
108904,1,High-touch risk
108905,0,Established value seekers
108906,3,Premium-sensitive newcomers
108907,0,Established value seekers
108908,0,Established value seekers
108909,1,High-touch risk
108910,2,Stable digital loyalists
108911,3,Premium-sensitive newcomers
108912,1,High-touch risk
108913,1,High-touch risk
108914,0,Established value seekers
108915,2,Stable digital loyalists
108916,2,Stable digital loyalists
108917,2,Stable digital loyalists
108918,1,High-touch risk
108919,3,Premium-sensitive newcomers
108920,3,Premium-sensitive newcomers
108921,2,Stable digital loyalists
108922,0,Established value seekers
108923,1,High-touch risk
108924,2,Stable digital loyalists
108925,1,High-touch risk
108926,2,Stable digital loyalists
108927,3,Premium-sensitive newcomers
108928,1,High-touch risk
108929,3,Premium-sensitive newcomers
108930,3,Premium-sensitive newcomers
108931,0,Established value seekers
108932,2,Stable digital loyalists
108933,3,Premium-sensitive newcomers
108934,1,High-touch risk
108935,2,Stable digital loyalists
108936,1,High-touch risk
108937,0,Established value seekers
108938,1,High-touch risk
108939,3,Premium-sensitive newcomers
108940,0,Established value seekers
108941,0,Established value seekers
108942,0,Established value seekers
108943,2,Stable digital loyalists
108944,1,High-touch risk
108945,1,High-touch risk
108946,1,High-touch risk
108947,0,Established value seekers
108948,2,Stable digital loyalists
108949,2,Stable digital loyalists
108950,1,High-touch risk
108951,3,Premium-sensitive newcomers
108952,3,Premium-sensitive newcomers
108953,0,Established value seekers
108954,2,Stable digital loyalists
108955,0,Established value seekers
108956,0,Established value seekers
108957,3,Premium-sensitive newcomers
108958,3,Premium-sensitive newcomers
108959,3,Premium-sensitive newcomers
108960,0,Established value seekers
108961,3,Premium-sensitive newcomers
108962,3,Premium-sensitive newcomers
108963,2,Stable digital loyalists
108964,1,High-touch risk
108965,2,Stable digital loyalists
108966,3,Premium-sensitive newcomers
108967,3,Premium-sensitive newcomers
108968,0,Established value seekers
108969,3,Premium-sensitive newcomers
108970,3,Premium-sensitive newcomers
108971,3,Premium-sensitive newcomers
108972,2,Stable digital loyalists
108973,1,High-touch risk
108974,3,Premium-sensitive newcomers
108975,3,Premium-sensitive newcomers
108976,0,Established value seekers
108977,2,Stable digital loyalists
108978,3,Premium-sensitive newcomers
108979,1,High-touch risk
108980,0,Established value seekers
108981,2,Stable digital loyalists
108982,3,Premium-sensitive newcomers
108983,3,Premium-sensitive newcomers
108984,1,High-touch risk
108985,0,Established value seekers
108986,0,Established value seekers
108987,2,Stable digital loyalists
108988,0,Established value seekers
108989,3,Premium-sensitive newcomers
108990,1,High-touch risk
108991,2,Stable digital loyalists
108992,3,Premium-sensitive newcomers
108993,3,Premium-sensitive newcomers
108994,3,Premium-sensitive newcomers
108995,3,Premium-sensitive newcomers
108996,1,High-touch risk
108997,3,Premium-sensitive newcomers
108998,2,Stable digital loyalists
108999,3,Premium-sensitive newcomers
109000,2,Stable digital loyalists
109001,0,Established value seekers
109002,3,Premium-sensitive newcomers
109003,0,Established value seekers
109004,0,Established value seekers
109005,0,Established value seekers
109006,1,High-touch risk
109007,0,Established value seekers
109008,3,Premium-sensitive newcomers
109009,2,Stable digital loyalists
109010,2,Stable digital loyalists
109011,2,Stable digital loyalists
109012,3,Premium-sensitive newcomers
109013,2,Stable digital loyalists
109014,1,High-touch risk
109015,2,Stable digital loyalists
109016,2,Stable digital loyalists
109017,3,Premium-sensitive newcomers
109018,1,High-touch risk
109019,0,Established value seekers
109020,0,Established value seekers
109021,0,Established value seekers
109022,2,Stable digital loyalists
109023,0,Established value seekers
109024,0,Established value seekers
109025,0,Established value seekers
109026,1,High-touch risk
109027,3,Premium-sensitive newcomers
109028,1,High-touch risk
109029,3,Premium-sensitive newcomers
109030,3,Premium-sensitive newcomers
109031,1,High-touch risk
109032,0,Established value seekers
109033,0,Established value seekers
109034,1,High-touch risk
109035,1,High-touch risk
109036,2,Stable digital loyalists
109037,3,Premium-sensitive newcomers
109038,2,Stable digital loyalists
109039,2,Stable digital loyalists
109040,2,Stable digital loyalists
109041,3,Premium-sensitive newcomers
109042,3,Premium-sensitive newcomers
109043,0,Established value seekers
109044,1,High-touch risk
109045,1,High-touch risk
109046,1,High-touch risk
109047,2,Stable digital loyalists
109048,2,Stable digital loyalists
109049,0,Established value seekers
109050,3,Premium-sensitive newcomers
109051,3,Premium-sensitive newcomers
109052,1,High-touch risk
109053,3,Premium-sensitive newcomers
109054,3,Premium-sensitive newcomers
109055,3,Premium-sensitive newcomers
109056,2,Stable digital loyalists
109057,3,Premium-sensitive newcomers
109058,3,Premium-sensitive newcomers
109059,0,Established value seekers
109060,3,Premium-sensitive newcomers
109061,1,High-touch risk
109062,0,Established value seekers
109063,2,Stable digital loyalists
109064,0,Established value seekers
109065,3,Premium-sensitive newcomers
109066,0,Established value seekers
109067,1,High-touch risk
109068,0,Established value seekers
109069,2,Stable digital loyalists
109070,3,Premium-sensitive newcomers
109071,3,Premium-sensitive newcomers
109072,1,High-touch risk
109073,3,Premium-sensitive newcomers
109074,3,Premium-sensitive newcomers
109075,3,Premium-sensitive newcomers
109076,1,High-touch risk
109077,3,Premium-sensitive newcomers
109078,2,Stable digital loyalists
109079,0,Established value seekers
109080,1,High-touch risk
109081,3,Premium-sensitive newcomers
109082,3,Premium-sensitive newcomers
109083,0,Established value seekers
109084,3,Premium-sensitive newcomers
109085,3,Premium-sensitive newcomers
109086,3,Premium-sensitive newcomers
109087,1,High-touch risk
109088,3,Premium-sensitive newcomers
109089,1,High-touch risk
109090,2,Stable digital loyalists
109091,2,Stable digital loyalists
109092,2,Stable digital loyalists
109093,3,Premium-sensitive newcomers
109094,1,High-touch risk
109095,1,High-touch risk
109096,0,Established value seekers
109097,3,Premium-sensitive newcomers
109098,0,Established value seekers
109099,0,Established value seekers
109100,1,High-touch risk
109101,1,High-touch risk
109102,0,Established value seekers
109103,2,Stable digital loyalists
109104,1,High-touch risk
109105,1,High-touch risk
109106,0,Established value seekers
109107,2,Stable digital loyalists
109108,0,Established value seekers
109109,2,Stable digital loyalists
109110,0,Established value seekers
109111,3,Premium-sensitive newcomers
109112,1,High-touch risk
109113,2,Stable digital loyalists
109114,3,Premium-sensitive newcomers
109115,1,High-touch risk
109116,2,Stable digital loyalists
109117,0,Established value seekers
109118,0,Established value seekers
109119,2,Stable digital loyalists
109120,3,Premium-sensitive newcomers
109121,1,High-touch risk
109122,2,Stable digital loyalists
109123,1,High-touch risk
109124,3,Premium-sensitive newcomers
109125,3,Premium-sensitive newcomers
109126,2,Stable digital loyalists
109127,1,High-touch risk
109128,2,Stable digital loyalists
109129,0,Established value seekers
109130,0,Established value seekers
109131,0,Established value seekers
109132,3,Premium-sensitive newcomers
109133,0,Established value seekers
109134,3,Premium-sensitive newcomers
109135,1,High-touch risk
109136,3,Premium-sensitive newcomers
109137,3,Premium-sensitive newcomers
109138,0,Established value seekers
109139,3,Premium-sensitive newcomers
109140,1,High-touch risk
109141,1,High-touch risk
109142,2,Stable digital loyalists
109143,0,Established value seekers
109144,3,Premium-sensitive newcomers
109145,3,Premium-sensitive newcomers
109146,3,Premium-sensitive newcomers
109147,3,Premium-sensitive newcomers
109148,3,Premium-sensitive newcomers
109149,0,Established value seekers
109150,3,Premium-sensitive newcomers
109151,2,Stable digital loyalists
109152,3,Premium-sensitive newcomers
109153,3,Premium-sensitive newcomers
109154,2,Stable digital loyalists
109155,0,Established value seekers
109156,0,Established value seekers
109157,2,Stable digital loyalists
109158,3,Premium-sensitive newcomers
109159,1,High-touch risk
109160,1,High-touch risk
109161,2,Stable digital loyalists
109162,0,Established value seekers
109163,1,High-touch risk
109164,1,High-touch risk
109165,3,Premium-sensitive newcomers
109166,0,Established value seekers
109167,3,Premium-sensitive newcomers
109168,0,Established value seekers
109169,3,Premium-sensitive newcomers
109170,0,Established value seekers
109171,0,Established value seekers
109172,0,Established value seekers
109173,1,High-touch risk
109174,3,Premium-sensitive newcomers
109175,2,Stable digital loyalists
109176,3,Premium-sensitive newcomers
109177,1,High-touch risk
109178,0,Established value seekers
109179,3,Premium-sensitive newcomers
109180,3,Premium-sensitive newcomers
109181,0,Established value seekers
109182,1,High-touch risk
109183,0,Established value seekers
109184,2,Stable digital loyalists
109185,3,Premium-sensitive newcomers
109186,0,Established value seekers
109187,3,Premium-sensitive newcomers
109188,3,Premium-sensitive newcomers
109189,3,Premium-sensitive newcomers
109190,2,Stable digital loyalists
109191,3,Premium-sensitive newcomers
109192,1,High-touch risk
109193,3,Premium-sensitive newcomers
109194,3,Premium-sensitive newcomers
109195,2,Stable digital loyalists
109196,2,Stable digital loyalists
109197,0,Established value seekers
109198,3,Premium-sensitive newcomers
109199,3,Premium-sensitive newcomers
109200,3,Premium-sensitive newcomers
109201,0,Established value seekers
109202,2,Stable digital loyalists
109203,2,Stable digital loyalists
109204,3,Premium-sensitive newcomers
109205,3,Premium-sensitive newcomers
109206,1,High-touch risk
109207,1,High-touch risk
109208,1,High-touch risk
109209,3,Premium-sensitive newcomers
109210,2,Stable digital loyalists
109211,0,Established value seekers
109212,0,Established value seekers
109213,3,Premium-sensitive newcomers
109214,3,Premium-sensitive newcomers
109215,0,Established value seekers
109216,2,Stable digital loyalists
109217,3,Premium-sensitive newcomers
109218,2,Stable digital loyalists
109219,3,Premium-sensitive newcomers
109220,2,Stable digital loyalists
109221,3,Premium-sensitive newcomers
109222,3,Premium-sensitive newcomers
109223,0,Established value seekers
109224,2,Stable digital loyalists
109225,2,Stable digital loyalists
109226,1,High-touch risk
109227,0,Established value seekers
109228,0,Established value seekers
109229,2,Stable digital loyalists
109230,1,High-touch risk
109231,2,Stable digital loyalists
109232,0,Established value seekers
109233,2,Stable digital loyalists
109234,0,Established value seekers
109235,0,Established value seekers
109236,1,High-touch risk
109237,3,Premium-sensitive newcomers
109238,0,Established value seekers
109239,0,Established value seekers
109240,2,Stable digital loyalists
109241,3,Premium-sensitive newcomers
109242,2,Stable digital loyalists
109243,3,Premium-sensitive newcomers
109244,0,Established value seekers
109245,3,Premium-sensitive newcomers
109246,3,Premium-sensitive newcomers
109247,1,High-touch risk
109248,0,Established value seekers
109249,3,Premium-sensitive newcomers
109250,2,Stable digital loyalists
109251,1,High-touch risk
109252,1,High-touch risk
109253,2,Stable digital loyalists
109254,1,High-touch risk
109255,3,Premium-sensitive newcomers
109256,1,High-touch risk
109257,1,High-touch risk
109258,3,Premium-sensitive newcomers
109259,1,High-touch risk
109260,2,Stable digital loyalists
109261,0,Established value seekers
109262,0,Established value seekers
109263,2,Stable digital loyalists
109264,2,Stable digital loyalists
109265,1,High-touch risk
109266,0,Established value seekers
109267,2,Stable digital loyalists
109268,0,Established value seekers
109269,1,High-touch risk
109270,1,High-touch risk
109271,3,Premium-sensitive newcomers
109272,1,High-touch risk
109273,1,High-touch risk
109274,0,Established value seekers
109275,2,Stable digital loyalists
109276,0,Established value seekers
109277,0,Established value seekers
109278,3,Premium-sensitive newcomers
109279,1,High-touch risk
109280,2,Stable digital loyalists
109281,3,Premium-sensitive newcomers
109282,1,High-touch risk
109283,1,High-touch risk
109284,0,Established value seekers
109285,0,Established value seekers
109286,1,High-touch risk
109287,2,Stable digital loyalists
109288,3,Premium-sensitive newcomers
109289,1,High-touch risk
109290,0,Established value seekers
109291,2,Stable digital loyalists
109292,2,Stable digital loyalists
109293,2,Stable digital loyalists
109294,2,Stable digital loyalists
109295,2,Stable digital loyalists
109296,0,Established value seekers
109297,0,Established value seekers
109298,2,Stable digital loyalists
109299,0,Established value seekers
109300,0,Established value seekers
109301,2,Stable digital loyalists
109302,2,Stable digital loyalists
109303,1,High-touch risk
109304,3,Premium-sensitive newcomers
109305,2,Stable digital loyalists
109306,1,High-touch risk
109307,0,Established value seekers
109308,1,High-touch risk
109309,0,Established value seekers
109310,3,Premium-sensitive newcomers
109311,2,Stable digital loyalists
109312,1,High-touch risk
109313,0,Established value seekers
109314,0,Established value seekers
109315,0,Established value seekers
109316,0,Established value seekers
109317,1,High-touch risk
109318,2,Stable digital loyalists
109319,3,Premium-sensitive newcomers
109320,0,Established value seekers
109321,1,High-touch risk
109322,0,Established value seekers
109323,0,Established value seekers
109324,1,High-touch risk
109325,1,High-touch risk
109326,3,Premium-sensitive newcomers
109327,3,Premium-sensitive newcomers
109328,2,Stable digital loyalists
109329,0,Established value seekers
109330,0,Established value seekers
109331,0,Established value seekers
109332,0,Established value seekers
109333,3,Premium-sensitive newcomers
109334,3,Premium-sensitive newcomers
109335,3,Premium-sensitive newcomers
109336,2,Stable digital loyalists
109337,0,Established value seekers
109338,1,High-touch risk
109339,3,Premium-sensitive newcomers
109340,1,High-touch risk
109341,0,Established value seekers
109342,0,Established value seekers
109343,3,Premium-sensitive newcomers
109344,3,Premium-sensitive newcomers
109345,2,Stable digital loyalists
109346,0,Established value seekers
109347,0,Established value seekers
109348,2,Stable digital loyalists
109349,3,Premium-sensitive newcomers
109350,0,Established value seekers
109351,2,Stable digital loyalists
109352,3,Premium-sensitive newcomers
109353,0,Established value seekers
109354,2,Stable digital loyalists
109355,3,Premium-sensitive newcomers
109356,1,High-touch risk
109357,0,Established value seekers
109358,0,Established value seekers
109359,3,Premium-sensitive newcomers
109360,2,Stable digital loyalists
109361,1,High-touch risk
109362,0,Established value seekers
109363,1,High-touch risk
109364,0,Established value seekers
109365,2,Stable digital loyalists
109366,3,Premium-sensitive newcomers
109367,1,High-touch risk
109368,1,High-touch risk
109369,2,Stable digital loyalists
109370,2,Stable digital loyalists
109371,3,Premium-sensitive newcomers
109372,3,Premium-sensitive newcomers
109373,0,Established value seekers
109374,1,High-touch risk
109375,0,Established value seekers
109376,0,Established value seekers
109377,0,Established value seekers
109378,1,High-touch risk
109379,3,Premium-sensitive newcomers
109380,1,High-touch risk
109381,0,Established value seekers
109382,3,Premium-sensitive newcomers
109383,3,Premium-sensitive newcomers
109384,3,Premium-sensitive newcomers
109385,2,Stable digital loyalists
109386,0,Established value seekers
109387,2,Stable digital loyalists
109388,3,Premium-sensitive newcomers
109389,3,Premium-sensitive newcomers
109390,3,Premium-sensitive newcomers
109391,3,Premium-sensitive newcomers
109392,3,Premium-sensitive newcomers
109393,1,High-touch risk
109394,2,Stable digital loyalists
109395,1,High-touch risk
109396,1,High-touch risk
109397,1,High-touch risk
109398,1,High-touch risk
109399,1,High-touch risk
109400,1,High-touch risk
109401,3,Premium-sensitive newcomers
109402,3,Premium-sensitive newcomers
109403,1,High-touch risk
109404,3,Premium-sensitive newcomers
109405,0,Established value seekers
109406,3,Premium-sensitive newcomers
109407,3,Premium-sensitive newcomers
109408,0,Established value seekers
109409,3,Premium-sensitive newcomers
109410,0,Established value seekers
109411,1,High-touch risk
109412,3,Premium-sensitive newcomers
109413,1,High-touch risk
109414,0,Established value seekers
109415,1,High-touch risk
109416,2,Stable digital loyalists
109417,3,Premium-sensitive newcomers
109418,2,Stable digital loyalists
109419,0,Established value seekers
109420,2,Stable digital loyalists
109421,2,Stable digital loyalists
109422,0,Established value seekers
109423,0,Established value seekers
109424,1,High-touch risk
109425,1,High-touch risk
109426,1,High-touch risk
109427,2,Stable digital loyalists
109428,1,High-touch risk
109429,3,Premium-sensitive newcomers
109430,3,Premium-sensitive newcomers
109431,2,Stable digital loyalists
109432,2,Stable digital loyalists
109433,1,High-touch risk
109434,3,Premium-sensitive newcomers
109435,0,Established value seekers
109436,2,Stable digital loyalists
109437,3,Premium-sensitive newcomers
109438,1,High-touch risk
109439,0,Established value seekers
109440,0,Established value seekers
109441,0,Established value seekers
109442,2,Stable digital loyalists
109443,3,Premium-sensitive newcomers
109444,0,Established value seekers
109445,3,Premium-sensitive newcomers
109446,3,Premium-sensitive newcomers
109447,2,Stable digital loyalists
109448,0,Established value seekers
109449,0,Established value seekers
109450,2,Stable digital loyalists
109451,2,Stable digital loyalists
109452,1,High-touch risk
109453,0,Established value seekers
109454,1,High-touch risk
109455,3,Premium-sensitive newcomers
109456,0,Established value seekers
109457,3,Premium-sensitive newcomers
109458,2,Stable digital loyalists
109459,3,Premium-sensitive newcomers
109460,1,High-touch risk
109461,3,Premium-sensitive newcomers
109462,3,Premium-sensitive newcomers
109463,3,Premium-sensitive newcomers
109464,2,Stable digital loyalists
109465,0,Established value seekers
109466,0,Established value seekers
109467,3,Premium-sensitive newcomers
109468,1,High-touch risk
109469,0,Established value seekers
109470,0,Established value seekers
109471,3,Premium-sensitive newcomers
109472,0,Established value seekers
109473,1,High-touch risk
109474,1,High-touch risk
109475,2,Stable digital loyalists
109476,0,Established value seekers
109477,1,High-touch risk
109478,3,Premium-sensitive newcomers
109479,2,Stable digital loyalists
109480,2,Stable digital loyalists
109481,1,High-touch risk
109482,2,Stable digital loyalists
109483,3,Premium-sensitive newcomers
109484,3,Premium-sensitive newcomers
109485,1,High-touch risk
109486,2,Stable digital loyalists
109487,1,High-touch risk
109488,3,Premium-sensitive newcomers
109489,1,High-touch risk
109490,3,Premium-sensitive newcomers
109491,0,Established value seekers
109492,2,Stable digital loyalists
109493,1,High-touch risk
109494,2,Stable digital loyalists
109495,1,High-touch risk
109496,1,High-touch risk
109497,1,High-touch risk
109498,2,Stable digital loyalists
109499,0,Established value seekers
109500,3,Premium-sensitive newcomers
109501,2,Stable digital loyalists
109502,3,Premium-sensitive newcomers
109503,3,Premium-sensitive newcomers
109504,3,Premium-sensitive newcomers
109505,3,Premium-sensitive newcomers
109506,1,High-touch risk
109507,1,High-touch risk
109508,3,Premium-sensitive newcomers
109509,2,Stable digital loyalists
109510,0,Established value seekers
109511,3,Premium-sensitive newcomers
109512,0,Established value seekers
109513,3,Premium-sensitive newcomers
109514,0,Established value seekers
109515,1,High-touch risk
109516,0,Established value seekers
109517,2,Stable digital loyalists
109518,3,Premium-sensitive newcomers
109519,1,High-touch risk
109520,2,Stable digital loyalists
109521,2,Stable digital loyalists
109522,2,Stable digital loyalists
109523,1,High-touch risk
109524,3,Premium-sensitive newcomers
109525,0,Established value seekers
109526,3,Premium-sensitive newcomers
109527,0,Established value seekers
109528,3,Premium-sensitive newcomers
109529,2,Stable digital loyalists
109530,3,Premium-sensitive newcomers
109531,1,High-touch risk
109532,3,Premium-sensitive newcomers
109533,3,Premium-sensitive newcomers
109534,0,Established value seekers
109535,1,High-touch risk
109536,3,Premium-sensitive newcomers
109537,0,Established value seekers
109538,2,Stable digital loyalists
109539,0,Established value seekers
109540,1,High-touch risk
109541,0,Established value seekers
109542,0,Established value seekers
109543,1,High-touch risk
109544,2,Stable digital loyalists
109545,3,Premium-sensitive newcomers
109546,2,Stable digital loyalists
109547,2,Stable digital loyalists
109548,1,High-touch risk
109549,0,Established value seekers
109550,3,Premium-sensitive newcomers
109551,3,Premium-sensitive newcomers
109552,3,Premium-sensitive newcomers
109553,1,High-touch risk
109554,2,Stable digital loyalists
109555,2,Stable digital loyalists
109556,2,Stable digital loyalists
109557,1,High-touch risk
109558,3,Premium-sensitive newcomers
109559,3,Premium-sensitive newcomers
109560,2,Stable digital loyalists
109561,0,Established value seekers
109562,0,Established value seekers
109563,1,High-touch risk
109564,3,Premium-sensitive newcomers
109565,3,Premium-sensitive newcomers
109566,1,High-touch risk
109567,2,Stable digital loyalists
109568,1,High-touch risk
109569,0,Established value seekers
109570,2,Stable digital loyalists
109571,3,Premium-sensitive newcomers
109572,1,High-touch risk
109573,3,Premium-sensitive newcomers
109574,0,Established value seekers
109575,3,Premium-sensitive newcomers
109576,3,Premium-sensitive newcomers
109577,2,Stable digital loyalists
109578,1,High-touch risk
109579,1,High-touch risk
109580,0,Established value seekers
109581,3,Premium-sensitive newcomers
109582,0,Established value seekers
109583,1,High-touch risk
109584,3,Premium-sensitive newcomers
109585,3,Premium-sensitive newcomers
109586,1,High-touch risk
109587,2,Stable digital loyalists
109588,3,Premium-sensitive newcomers
109589,3,Premium-sensitive newcomers
109590,0,Established value seekers
109591,2,Stable digital loyalists
109592,3,Premium-sensitive newcomers
109593,1,High-touch risk
109594,2,Stable digital loyalists
109595,0,Established value seekers
109596,3,Premium-sensitive newcomers
109597,1,High-touch risk
109598,2,Stable digital loyalists
109599,0,Established value seekers
109600,3,Premium-sensitive newcomers
109601,2,Stable digital loyalists
109602,0,Established value seekers
109603,1,High-touch risk
109604,3,Premium-sensitive newcomers
109605,2,Stable digital loyalists
109606,3,Premium-sensitive newcomers
109607,3,Premium-sensitive newcomers
109608,3,Premium-sensitive newcomers
109609,1,High-touch risk
109610,1,High-touch risk
109611,3,Premium-sensitive newcomers
109612,1,High-touch risk
109613,2,Stable digital loyalists
109614,3,Premium-sensitive newcomers
109615,2,Stable digital loyalists
109616,0,Established value seekers
109617,1,High-touch risk
109618,0,Established value seekers
109619,2,Stable digital loyalists
109620,1,High-touch risk
109621,1,High-touch risk
109622,3,Premium-sensitive newcomers
109623,0,Established value seekers
109624,2,Stable digital loyalists
109625,3,Premium-sensitive newcomers
109626,2,Stable digital loyalists
109627,0,Established value seekers
109628,3,Premium-sensitive newcomers
109629,1,High-touch risk
109630,3,Premium-sensitive newcomers
109631,1,High-touch risk
109632,0,Established value seekers
109633,0,Established value seekers
109634,2,Stable digital loyalists
109635,0,Established value seekers
109636,3,Premium-sensitive newcomers
109637,1,High-touch risk
109638,2,Stable digital loyalists
109639,2,Stable digital loyalists
109640,0,Established value seekers
109641,0,Established value seekers
109642,0,Established value seekers
109643,0,Established value seekers
109644,2,Stable digital loyalists
109645,1,High-touch risk
109646,3,Premium-sensitive newcomers
109647,2,Stable digital loyalists
109648,0,Established value seekers
109649,0,Established value seekers
109650,2,Stable digital loyalists
109651,0,Established value seekers
109652,0,Established value seekers
109653,0,Established value seekers
109654,0,Established value seekers
109655,0,Established value seekers
109656,1,High-touch risk
109657,3,Premium-sensitive newcomers
109658,3,Premium-sensitive newcomers
109659,0,Established value seekers
109660,1,High-touch risk
109661,1,High-touch risk
109662,3,Premium-sensitive newcomers
109663,1,High-touch risk
109664,0,Established value seekers
109665,3,Premium-sensitive newcomers
109666,0,Established value seekers
109667,2,Stable digital loyalists
109668,1,High-touch risk
109669,2,Stable digital loyalists
109670,2,Stable digital loyalists
109671,1,High-touch risk
109672,0,Established value seekers
109673,1,High-touch risk
109674,3,Premium-sensitive newcomers
109675,1,High-touch risk
109676,0,Established value seekers
109677,0,Established value seekers
109678,3,Premium-sensitive newcomers
109679,2,Stable digital loyalists
109680,2,Stable digital loyalists
109681,1,High-touch risk
109682,1,High-touch risk
109683,0,Established value seekers
109684,1,High-touch risk
109685,1,High-touch risk
109686,1,High-touch risk
109687,2,Stable digital loyalists
109688,0,Established value seekers
109689,0,Established value seekers
109690,1,High-touch risk
109691,1,High-touch risk
109692,3,Premium-sensitive newcomers
109693,3,Premium-sensitive newcomers
109694,0,Established value seekers
109695,1,High-touch risk
109696,1,High-touch risk
109697,2,Stable digital loyalists
109698,2,Stable digital loyalists
109699,2,Stable digital loyalists
109700,0,Established value seekers
109701,3,Premium-sensitive newcomers
109702,0,Established value seekers
109703,2,Stable digital loyalists
109704,3,Premium-sensitive newcomers
109705,1,High-touch risk
109706,2,Stable digital loyalists
109707,2,Stable digital loyalists
109708,3,Premium-sensitive newcomers
109709,3,Premium-sensitive newcomers
109710,1,High-touch risk
109711,2,Stable digital loyalists
109712,3,Premium-sensitive newcomers
109713,1,High-touch risk
109714,0,Established value seekers
109715,1,High-touch risk
109716,2,Stable digital loyalists
109717,3,Premium-sensitive newcomers
109718,0,Established value seekers
109719,0,Established value seekers
109720,1,High-touch risk
109721,3,Premium-sensitive newcomers
109722,3,Premium-sensitive newcomers
109723,3,Premium-sensitive newcomers
109724,3,Premium-sensitive newcomers
109725,0,Established value seekers
109726,0,Established value seekers
109727,0,Established value seekers
109728,0,Established value seekers
109729,3,Premium-sensitive newcomers
109730,0,Established value seekers
109731,3,Premium-sensitive newcomers
109732,2,Stable digital loyalists
109733,1,High-touch risk
109734,1,High-touch risk
109735,1,High-touch risk
109736,1,High-touch risk
109737,3,Premium-sensitive newcomers
109738,2,Stable digital loyalists
109739,2,Stable digital loyalists
109740,0,Established value seekers
109741,0,Established value seekers
109742,3,Premium-sensitive newcomers
109743,0,Established value seekers
109744,0,Established value seekers
109745,0,Established value seekers
109746,1,High-touch risk
109747,3,Premium-sensitive newcomers
109748,3,Premium-sensitive newcomers
109749,3,Premium-sensitive newcomers
109750,2,Stable digital loyalists
109751,2,Stable digital loyalists
109752,3,Premium-sensitive newcomers
109753,3,Premium-sensitive newcomers
109754,1,High-touch risk
109755,3,Premium-sensitive newcomers
109756,0,Established value seekers
109757,0,Established value seekers
109758,2,Stable digital loyalists
109759,1,High-touch risk
109760,0,Established value seekers
109761,3,Premium-sensitive newcomers
109762,1,High-touch risk
109763,3,Premium-sensitive newcomers
109764,3,Premium-sensitive newcomers
109765,3,Premium-sensitive newcomers
109766,0,Established value seekers
109767,0,Established value seekers
109768,2,Stable digital loyalists
109769,1,High-touch risk
109770,0,Established value seekers
109771,2,Stable digital loyalists
109772,0,Established value seekers
109773,3,Premium-sensitive newcomers
109774,0,Established value seekers
109775,1,High-touch risk
109776,2,Stable digital loyalists
109777,1,High-touch risk
109778,0,Established value seekers
109779,3,Premium-sensitive newcomers
109780,2,Stable digital loyalists
109781,0,Established value seekers
109782,0,Established value seekers
109783,3,Premium-sensitive newcomers
109784,2,Stable digital loyalists
109785,2,Stable digital loyalists
109786,2,Stable digital loyalists
109787,1,High-touch risk
109788,0,Established value seekers
109789,3,Premium-sensitive newcomers
109790,1,High-touch risk
109791,0,Established value seekers
109792,3,Premium-sensitive newcomers
109793,3,Premium-sensitive newcomers
109794,1,High-touch risk
109795,3,Premium-sensitive newcomers
109796,2,Stable digital loyalists
109797,0,Established value seekers
109798,1,High-touch risk
109799,0,Established value seekers
109800,2,Stable digital loyalists
109801,0,Established value seekers
109802,2,Stable digital loyalists
109803,3,Premium-sensitive newcomers
109804,3,Premium-sensitive newcomers
109805,0,Established value seekers
109806,2,Stable digital loyalists
109807,3,Premium-sensitive newcomers
109808,1,High-touch risk
109809,0,Established value seekers
109810,3,Premium-sensitive newcomers
109811,3,Premium-sensitive newcomers
109812,2,Stable digital loyalists
109813,3,Premium-sensitive newcomers
109814,0,Established value seekers
109815,2,Stable digital loyalists
109816,1,High-touch risk
109817,1,High-touch risk
109818,0,Established value seekers
109819,3,Premium-sensitive newcomers
109820,2,Stable digital loyalists
109821,3,Premium-sensitive newcomers
109822,0,Established value seekers
109823,0,Established value seekers
109824,2,Stable digital loyalists
109825,3,Premium-sensitive newcomers
109826,3,Premium-sensitive newcomers
109827,1,High-touch risk
109828,1,High-touch risk
109829,0,Established value seekers
109830,0,Established value seekers
109831,2,Stable digital loyalists
109832,0,Established value seekers
109833,0,Established value seekers
109834,3,Premium-sensitive newcomers
109835,0,Established value seekers
109836,2,Stable digital loyalists
109837,1,High-touch risk
109838,3,Premium-sensitive newcomers
109839,3,Premium-sensitive newcomers
109840,0,Established value seekers
109841,2,Stable digital loyalists
109842,0,Established value seekers
109843,2,Stable digital loyalists
109844,1,High-touch risk
109845,3,Premium-sensitive newcomers
109846,3,Premium-sensitive newcomers
109847,1,High-touch risk
109848,0,Established value seekers
109849,1,High-touch risk
109850,0,Established value seekers
109851,3,Premium-sensitive newcomers
109852,0,Established value seekers
109853,1,High-touch risk
109854,1,High-touch risk
109855,2,Stable digital loyalists
109856,1,High-touch risk
109857,3,Premium-sensitive newcomers
109858,0,Established value seekers
109859,3,Premium-sensitive newcomers
109860,3,Premium-sensitive newcomers
109861,0,Established value seekers
109862,2,Stable digital loyalists
109863,0,Established value seekers
109864,0,Established value seekers
109865,3,Premium-sensitive newcomers
109866,0,Established value seekers
109867,3,Premium-sensitive newcomers
109868,2,Stable digital loyalists
109869,1,High-touch risk
109870,1,High-touch risk
109871,0,Established value seekers
109872,2,Stable digital loyalists
109873,3,Premium-sensitive newcomers
109874,3,Premium-sensitive newcomers
109875,0,Established value seekers
109876,1,High-touch risk
109877,2,Stable digital loyalists
109878,3,Premium-sensitive newcomers
109879,0,Established value seekers
109880,1,High-touch risk
109881,0,Established value seekers
109882,0,Established value seekers
109883,1,High-touch risk
109884,0,Established value seekers
109885,3,Premium-sensitive newcomers
109886,0,Established value seekers
109887,3,Premium-sensitive newcomers
109888,1,High-touch risk
109889,0,Established value seekers
109890,2,Stable digital loyalists
109891,2,Stable digital loyalists
109892,1,High-touch risk
109893,3,Premium-sensitive newcomers
109894,1,High-touch risk
109895,1,High-touch risk
109896,0,Established value seekers
109897,1,High-touch risk
109898,3,Premium-sensitive newcomers
109899,0,Established value seekers
109900,2,Stable digital loyalists
109901,2,Stable digital loyalists
109902,1,High-touch risk
109903,2,Stable digital loyalists
109904,0,Established value seekers
109905,0,Established value seekers
109906,0,Established value seekers
109907,1,High-touch risk
109908,2,Stable digital loyalists
109909,1,High-touch risk
109910,2,Stable digital loyalists
109911,2,Stable digital loyalists
109912,1,High-touch risk
109913,2,Stable digital loyalists
109914,3,Premium-sensitive newcomers
109915,2,Stable digital loyalists
109916,0,Established value seekers
109917,0,Established value seekers
109918,3,Premium-sensitive newcomers
109919,0,Established value seekers
109920,2,Stable digital loyalists
109921,3,Premium-sensitive newcomers
109922,1,High-touch risk
109923,3,Premium-sensitive newcomers
109924,3,Premium-sensitive newcomers
109925,3,Premium-sensitive newcomers
109926,3,Premium-sensitive newcomers
109927,1,High-touch risk
109928,0,Established value seekers
109929,3,Premium-sensitive newcomers
109930,1,High-touch risk
109931,0,Established value seekers
109932,1,High-touch risk
109933,0,Established value seekers
109934,3,Premium-sensitive newcomers
109935,3,Premium-sensitive newcomers
109936,3,Premium-sensitive newcomers
109937,0,Established value seekers
109938,2,Stable digital loyalists
109939,0,Established value seekers
109940,1,High-touch risk
109941,3,Premium-sensitive newcomers
109942,2,Stable digital loyalists
109943,3,Premium-sensitive newcomers
109944,3,Premium-sensitive newcomers
109945,0,Established value seekers
109946,0,Established value seekers
109947,3,Premium-sensitive newcomers
109948,0,Established value seekers
109949,0,Established value seekers
109950,1,High-touch risk
109951,0,Established value seekers
109952,3,Premium-sensitive newcomers
109953,0,Established value seekers
109954,2,Stable digital loyalists
109955,1,High-touch risk
109956,0,Established value seekers
109957,2,Stable digital loyalists
109958,3,Premium-sensitive newcomers
109959,0,Established value seekers
109960,3,Premium-sensitive newcomers
109961,1,High-touch risk
109962,3,Premium-sensitive newcomers
109963,3,Premium-sensitive newcomers
109964,1,High-touch risk
109965,2,Stable digital loyalists
109966,3,Premium-sensitive newcomers
109967,3,Premium-sensitive newcomers
109968,3,Premium-sensitive newcomers
109969,3,Premium-sensitive newcomers
109970,3,Premium-sensitive newcomers
109971,3,Premium-sensitive newcomers
109972,0,Established value seekers
109973,0,Established value seekers
109974,2,Stable digital loyalists
109975,0,Established value seekers
109976,1,High-touch risk
109977,3,Premium-sensitive newcomers
109978,2,Stable digital loyalists
109979,3,Premium-sensitive newcomers
109980,3,Premium-sensitive newcomers
109981,2,Stable digital loyalists
109982,2,Stable digital loyalists
109983,1,High-touch risk
109984,2,Stable digital loyalists
109985,2,Stable digital loyalists
109986,2,Stable digital loyalists
109987,1,High-touch risk
109988,2,Stable digital loyalists
109989,3,Premium-sensitive newcomers
109990,1,High-touch risk
109991,1,High-touch risk
109992,1,High-touch risk
109993,0,Established value seekers
109994,3,Premium-sensitive newcomers
109995,0,Established value seekers
109996,0,Established value seekers
109997,2,Stable digital loyalists
109998,2,Stable digital loyalists
109999,1,High-touch risk
110000,2,Stable digital loyalists
